-- phpMyAdmin SQL Dump
-- version 4.1.14
-- http://www.phpmyadmin.net
--
-- Host: 127.0.0.1
-- Generation Time: May 05, 2015 at 06:13 AM
-- Server version: 5.6.17
-- PHP Version: 5.5.12

SET SQL_MODE = "NO_AUTO_VALUE_ON_ZERO";
SET time_zone = "+00:00";


/*!40101 SET @OLD_CHARACTER_SET_CLIENT=@@CHARACTER_SET_CLIENT */;
/*!40101 SET @OLD_CHARACTER_SET_RESULTS=@@CHARACTER_SET_RESULTS */;
/*!40101 SET @OLD_COLLATION_CONNECTION=@@COLLATION_CONNECTION */;
/*!40101 SET NAMES utf8 */;

--
-- Database: `phan_cong_nhan_vien_1_1_nam`
--
CREATE DATABASE IF NOT EXISTS `phan_cong_nhan_vien_1_1_nam` DEFAULT CHARACTER SET utf8 COLLATE utf8_general_ci;
USE `phan_cong_nhan_vien_1_1_nam`;

-- --------------------------------------------------------

--
-- Table structure for table `cong_ty`
--

CREATE TABLE IF NOT EXISTS `cong_ty` (
  `ID` int(11) NOT NULL AUTO_INCREMENT,
  `Ten` varchar(200) DEFAULT NULL,
  `Dien_thoai` varchar(200) DEFAULT NULL,
  `Dia_chi` varchar(200) DEFAULT NULL,
  `Tuoi_toi_thieu` int(11) DEFAULT NULL,
  `Tuoi_toi_da` int(11) DEFAULT NULL,
  PRIMARY KEY (`ID`)
) ENGINE=InnoDB  DEFAULT CHARSET=utf8 AUTO_INCREMENT=2 ;

--
-- Dumping data for table `cong_ty`
--

INSERT INTO `cong_ty` (`ID`, `Ten`, `Dien_thoai`, `Dia_chi`, `Tuoi_toi_thieu`, `Tuoi_toi_da`) VALUES
(1, 'Công ty A', '0931684476', '8 R Phường 3- Quận 8- Tỉnh/Tp RR\r\n', 18, 50);

-- --------------------------------------------------------

--
-- Table structure for table `don_vi`
--

CREATE TABLE IF NOT EXISTS `don_vi` (
  `ID` int(11) NOT NULL AUTO_INCREMENT,
  `Ten` varchar(200) DEFAULT NULL,
  PRIMARY KEY (`ID`)
) ENGINE=InnoDB  DEFAULT CHARSET=utf8 AUTO_INCREMENT=6 ;

--
-- Dumping data for table `don_vi`
--

INSERT INTO `don_vi` (`ID`, `Ten`) VALUES
(1, 'Đơn vị A'),
(2, 'Đơn vị B'),
(3, 'Đơn vị C'),
(4, 'Đơn vị D'),
(5, 'Đơn vị E');

-- --------------------------------------------------------

--
-- Table structure for table `kha_nang`
--

CREATE TABLE IF NOT EXISTS `kha_nang` (
  `ID` int(11) NOT NULL AUTO_INCREMENT,
  `ID_NHAN_VIEN` int(11) DEFAULT NULL,
  `ID_NGOAI_NGU` int(11) DEFAULT NULL,
  PRIMARY KEY (`ID`)
) ENGINE=InnoDB  DEFAULT CHARSET=utf8 AUTO_INCREMENT=351 ;

--
-- Dumping data for table `kha_nang`
--

INSERT INTO `kha_nang` (`ID`, `ID_NHAN_VIEN`, `ID_NGOAI_NGU`) VALUES
(1, 1, 7),
(2, 1, 6),
(3, 2, 2),
(4, 2, 1),
(5, 3, 3),
(6, 3, 4),
(7, 4, 3),
(8, 4, 7),
(9, 4, 6),
(10, 5, 3),
(11, 5, 5),
(12, 5, 1),
(13, 6, 7),
(14, 6, 3),
(15, 7, 6),
(16, 7, 7),
(17, 8, 2),
(18, 8, 7),
(19, 9, 2),
(20, 9, 3),
(21, 9, 5),
(22, 10, 2),
(23, 10, 3),
(24, 10, 6),
(25, 11, 2),
(26, 11, 3),
(27, 11, 5),
(28, 12, 3),
(29, 12, 7),
(30, 12, 5),
(31, 13, 4),
(32, 13, 1),
(33, 14, 6),
(34, 14, 5),
(35, 15, 5),
(36, 15, 3),
(37, 16, 1),
(38, 16, 7),
(39, 16, 5),
(40, 17, 2),
(41, 17, 6),
(42, 18, 6),
(43, 18, 3),
(44, 18, 2),
(45, 19, 1),
(46, 19, 7),
(47, 19, 4),
(48, 20, 6),
(49, 20, 2),
(50, 20, 1),
(51, 21, 4),
(52, 21, 7),
(53, 21, 1),
(54, 22, 6),
(55, 22, 3),
(56, 22, 5),
(57, 23, 4),
(58, 23, 5),
(59, 24, 3),
(60, 24, 7),
(61, 25, 1),
(62, 25, 4),
(63, 25, 2),
(64, 26, 1),
(65, 26, 7),
(66, 26, 6),
(67, 27, 3),
(68, 27, 5),
(69, 28, 6),
(70, 28, 2),
(71, 29, 1),
(72, 29, 2),
(73, 30, 4),
(74, 30, 7),
(75, 31, 2),
(76, 31, 4),
(77, 32, 7),
(78, 32, 3),
(79, 33, 4),
(80, 33, 5),
(81, 33, 2),
(82, 34, 6),
(83, 34, 5),
(84, 35, 3),
(85, 35, 6),
(86, 36, 1),
(87, 36, 7),
(88, 36, 2),
(89, 37, 3),
(90, 37, 2),
(91, 38, 3),
(92, 38, 2),
(93, 39, 6),
(94, 39, 7),
(95, 40, 5),
(96, 40, 4),
(97, 40, 3),
(98, 41, 6),
(99, 41, 7),
(100, 41, 1),
(101, 42, 4),
(102, 42, 1),
(103, 43, 3),
(104, 43, 7),
(105, 44, 1),
(106, 44, 2),
(107, 44, 7),
(108, 45, 4),
(109, 45, 7),
(110, 45, 3),
(111, 46, 1),
(112, 46, 5),
(113, 46, 4),
(114, 47, 3),
(115, 47, 5),
(116, 47, 7),
(117, 48, 1),
(118, 48, 6),
(119, 49, 2),
(120, 49, 4),
(121, 49, 3),
(122, 50, 5),
(123, 50, 3),
(124, 50, 4),
(125, 51, 7),
(126, 51, 4),
(127, 51, 6),
(128, 52, 1),
(129, 52, 4),
(130, 52, 3),
(131, 53, 1),
(132, 53, 7),
(133, 54, 4),
(134, 54, 1),
(135, 54, 5),
(136, 55, 1),
(137, 55, 3),
(138, 55, 2),
(139, 56, 6),
(140, 56, 4),
(141, 57, 7),
(142, 57, 5),
(143, 58, 4),
(144, 58, 3),
(145, 59, 5),
(146, 59, 2),
(147, 59, 6),
(148, 60, 1),
(149, 60, 6),
(150, 61, 4),
(151, 61, 5),
(152, 62, 7),
(153, 62, 5),
(154, 62, 1),
(155, 63, 2),
(156, 63, 3),
(157, 64, 5),
(158, 64, 3),
(159, 64, 4),
(160, 65, 2),
(161, 65, 1),
(162, 65, 5),
(163, 66, 2),
(164, 66, 6),
(165, 67, 2),
(166, 67, 7),
(167, 67, 1),
(168, 68, 6),
(169, 68, 1),
(170, 69, 6),
(171, 69, 4),
(172, 69, 2),
(173, 70, 5),
(174, 70, 3),
(175, 71, 3),
(176, 71, 4),
(177, 71, 2),
(178, 72, 6),
(179, 72, 5),
(180, 73, 5),
(181, 73, 4),
(182, 73, 1),
(183, 74, 5),
(184, 74, 3),
(185, 75, 4),
(186, 75, 7),
(187, 76, 3),
(188, 76, 5),
(189, 76, 2),
(190, 77, 3),
(191, 77, 6),
(192, 77, 7),
(193, 78, 4),
(194, 78, 3),
(195, 78, 2),
(196, 79, 5),
(197, 79, 1),
(198, 80, 5),
(199, 80, 3),
(200, 81, 2),
(201, 81, 1),
(202, 82, 5),
(203, 82, 2),
(204, 82, 4),
(205, 83, 6),
(206, 83, 7),
(207, 84, 2),
(208, 84, 7),
(209, 85, 4),
(210, 85, 6),
(211, 85, 2),
(212, 86, 2),
(213, 86, 6),
(214, 87, 1),
(215, 87, 7),
(216, 88, 6),
(217, 88, 1),
(218, 88, 2),
(219, 89, 3),
(220, 89, 6),
(221, 90, 5),
(222, 90, 1),
(223, 90, 7),
(224, 91, 4),
(225, 91, 1),
(226, 91, 7),
(227, 92, 5),
(228, 92, 6),
(229, 93, 7),
(230, 93, 3),
(231, 93, 5),
(232, 94, 7),
(233, 94, 1),
(234, 94, 3),
(235, 95, 3),
(236, 95, 4),
(237, 96, 5),
(238, 96, 3),
(239, 96, 7),
(240, 97, 2),
(241, 97, 7),
(242, 97, 3),
(243, 98, 6),
(244, 98, 1),
(245, 99, 6),
(246, 99, 3),
(247, 99, 2),
(248, 100, 1),
(249, 100, 2),
(250, 101, 6),
(251, 101, 3),
(252, 101, 4),
(253, 102, 7),
(254, 102, 1),
(255, 103, 1),
(256, 103, 4),
(257, 103, 7),
(258, 104, 7),
(259, 104, 3),
(260, 105, 4),
(261, 105, 2),
(262, 105, 6),
(263, 106, 4),
(264, 106, 2),
(265, 106, 6),
(266, 107, 3),
(267, 107, 4),
(268, 107, 6),
(269, 108, 6),
(270, 108, 5),
(271, 109, 3),
(272, 109, 2),
(273, 110, 5),
(274, 110, 3),
(275, 110, 2),
(276, 111, 6),
(277, 111, 7),
(278, 111, 4),
(279, 112, 5),
(280, 112, 2),
(281, 113, 2),
(282, 113, 4),
(283, 113, 7),
(284, 114, 4),
(285, 114, 7),
(286, 115, 3),
(287, 115, 1),
(288, 115, 6),
(289, 116, 6),
(290, 116, 3),
(291, 117, 5),
(292, 117, 3),
(293, 118, 2),
(294, 118, 1),
(295, 118, 7),
(296, 119, 5),
(297, 119, 4),
(298, 120, 3),
(299, 120, 7),
(300, 121, 5),
(301, 121, 1),
(302, 122, 1),
(303, 122, 4),
(304, 122, 5),
(305, 123, 3),
(306, 123, 2),
(307, 123, 7),
(308, 124, 4),
(309, 124, 2),
(310, 124, 6),
(311, 125, 2),
(312, 125, 5),
(313, 126, 1),
(314, 126, 4),
(315, 127, 7),
(316, 127, 6),
(317, 127, 1),
(318, 128, 7),
(319, 128, 1),
(320, 128, 5),
(321, 129, 1),
(322, 129, 5),
(323, 130, 7),
(324, 130, 5),
(325, 130, 2),
(326, 131, 4),
(327, 131, 2),
(328, 131, 3),
(329, 132, 3),
(330, 132, 2),
(331, 133, 4),
(332, 133, 3),
(333, 133, 7),
(334, 134, 4),
(335, 134, 3),
(336, 135, 5),
(337, 135, 4),
(338, 135, 2),
(339, 136, 1),
(340, 136, 7),
(341, 137, 4),
(342, 137, 2),
(343, 137, 5),
(344, 138, 5),
(345, 138, 2),
(346, 139, 2),
(347, 139, 6),
(348, 140, 5),
(349, 140, 3),
(350, 140, 7);

-- --------------------------------------------------------

--
-- Table structure for table `loai_cong_viec`
--

CREATE TABLE IF NOT EXISTS `loai_cong_viec` (
  `ID` int(11) NOT NULL AUTO_INCREMENT,
  `Ten` varchar(200) DEFAULT NULL,
  PRIMARY KEY (`ID`)
) ENGINE=InnoDB  DEFAULT CHARSET=utf8 AUTO_INCREMENT=6 ;

--
-- Dumping data for table `loai_cong_viec`
--

INSERT INTO `loai_cong_viec` (`ID`, `Ten`) VALUES
(1, 'Loại công việc A'),
(2, 'Loại công việc B'),
(3, 'Loại công việc C'),
(4, 'Loại công việc D'),
(5, 'Loại công việc E');

-- --------------------------------------------------------

--
-- Table structure for table `ngoai_ngu`
--

CREATE TABLE IF NOT EXISTS `ngoai_ngu` (
  `ID` int(11) NOT NULL AUTO_INCREMENT,
  `Ten` varchar(200) DEFAULT NULL,
  PRIMARY KEY (`ID`)
) ENGINE=InnoDB  DEFAULT CHARSET=utf8 AUTO_INCREMENT=8 ;

--
-- Dumping data for table `ngoai_ngu`
--

INSERT INTO `ngoai_ngu` (`ID`, `Ten`) VALUES
(1, 'Anh'),
(2, 'Pháp'),
(3, 'Đức'),
(4, 'Ý'),
(5, 'Nhật'),
(6, 'Nga'),
(7, 'Brazil');

-- --------------------------------------------------------

--
-- Table structure for table `nguoi_dung`
--

CREATE TABLE IF NOT EXISTS `nguoi_dung` (
  `ID` int(11) NOT NULL AUTO_INCREMENT,
  `Ten` varchar(200) DEFAULT NULL,
  `Mat_khau` varchar(200) DEFAULT NULL,
  `Mo_rong` varchar(200) DEFAULT NULL,
  `ID_NHOM_NGUOI_DUNG` int(11) DEFAULT NULL,
  PRIMARY KEY (`ID`)
) ENGINE=InnoDB  DEFAULT CHARSET=utf8 AUTO_INCREMENT=148 ;

--
-- Dumping data for table `nguoi_dung`
--

INSERT INTO `nguoi_dung` (`ID`, `Ten`, `Mat_khau`, `Mo_rong`, `ID_NHOM_NGUOI_DUNG`) VALUES
(1, 'NV_1', 'NV_1', '1', 1),
(2, 'NV_2', 'NV_2', '2', 1),
(3, 'NV_3', 'NV_3', '3', 1),
(4, 'NV_4', 'NV_4', '4', 1),
(5, 'NV_5', 'NV_5', '5', 1),
(6, 'NV_6', 'NV_6', '6', 1),
(7, 'NV_7', 'NV_7', '7', 1),
(8, 'NV_8', 'NV_8', '8', 1),
(9, 'NV_9', 'NV_9', '9', 1),
(10, 'NV_10', 'NV_10', '10', 1),
(11, 'NV_11', 'NV_11', '11', 1),
(12, 'NV_12', 'NV_12', '12', 1),
(13, 'NV_13', 'NV_13', '13', 1),
(14, 'NV_14', 'NV_14', '14', 1),
(15, 'NV_15', 'NV_15', '15', 1),
(16, 'NV_16', 'NV_16', '16', 1),
(17, 'NV_17', 'NV_17', '17', 1),
(18, 'NV_18', 'NV_18', '18', 1),
(19, 'NV_19', 'NV_19', '19', 1),
(20, 'NV_20', 'NV_20', '20', 1),
(21, 'NV_21', 'NV_21', '21', 1),
(22, 'NV_22', 'NV_22', '22', 1),
(23, 'NV_23', 'NV_23', '23', 1),
(24, 'NV_24', 'NV_24', '24', 1),
(25, 'NV_25', 'NV_25', '25', 1),
(26, 'NV_26', 'NV_26', '26', 1),
(27, 'NV_27', 'NV_27', '27', 1),
(28, 'NV_28', 'NV_28', '28', 1),
(29, 'NV_29', 'NV_29', '29', 1),
(30, 'NV_30', 'NV_30', '30', 1),
(31, 'NV_31', 'NV_31', '31', 1),
(32, 'NV_32', 'NV_32', '32', 1),
(33, 'NV_33', 'NV_33', '33', 1),
(34, 'NV_34', 'NV_34', '34', 1),
(35, 'NV_35', 'NV_35', '35', 1),
(36, 'NV_36', 'NV_36', '36', 1),
(37, 'NV_37', 'NV_37', '37', 1),
(38, 'NV_38', 'NV_38', '38', 1),
(39, 'NV_39', 'NV_39', '39', 1),
(40, 'NV_40', 'NV_40', '40', 1),
(41, 'NV_41', 'NV_41', '41', 1),
(42, 'NV_42', 'NV_42', '42', 1),
(43, 'NV_43', 'NV_43', '43', 1),
(44, 'NV_44', 'NV_44', '44', 1),
(45, 'NV_45', 'NV_45', '45', 1),
(46, 'NV_46', 'NV_46', '46', 1),
(47, 'NV_47', 'NV_47', '47', 1),
(48, 'NV_48', 'NV_48', '48', 1),
(49, 'NV_49', 'NV_49', '49', 1),
(50, 'NV_50', 'NV_50', '50', 1),
(51, 'NV_51', 'NV_51', '51', 1),
(52, 'NV_52', 'NV_52', '52', 1),
(53, 'NV_53', 'NV_53', '53', 1),
(54, 'NV_54', 'NV_54', '54', 1),
(55, 'NV_55', 'NV_55', '55', 1),
(56, 'NV_56', 'NV_56', '56', 1),
(57, 'NV_57', 'NV_57', '57', 1),
(58, 'NV_58', 'NV_58', '58', 1),
(59, 'NV_59', 'NV_59', '59', 1),
(60, 'NV_60', 'NV_60', '60', 1),
(61, 'NV_61', 'NV_61', '61', 1),
(62, 'NV_62', 'NV_62', '62', 1),
(63, 'NV_63', 'NV_63', '63', 1),
(64, 'NV_64', 'NV_64', '64', 1),
(65, 'NV_65', 'NV_65', '65', 1),
(66, 'NV_66', 'NV_66', '66', 1),
(67, 'NV_67', 'NV_67', '67', 1),
(68, 'NV_68', 'NV_68', '68', 1),
(69, 'NV_69', 'NV_69', '69', 1),
(70, 'NV_70', 'NV_70', '70', 1),
(71, 'NV_71', 'NV_71', '71', 1),
(72, 'NV_72', 'NV_72', '72', 1),
(73, 'NV_73', 'NV_73', '73', 1),
(74, 'NV_74', 'NV_74', '74', 1),
(75, 'NV_75', 'NV_75', '75', 1),
(76, 'NV_76', 'NV_76', '76', 1),
(77, 'NV_77', 'NV_77', '77', 1),
(78, 'NV_78', 'NV_78', '78', 1),
(79, 'NV_79', 'NV_79', '79', 1),
(80, 'NV_80', 'NV_80', '80', 1),
(81, 'NV_81', 'NV_81', '81', 1),
(82, 'NV_82', 'NV_82', '82', 1),
(83, 'NV_83', 'NV_83', '83', 1),
(84, 'NV_84', 'NV_84', '84', 1),
(85, 'NV_85', 'NV_85', '85', 1),
(86, 'NV_86', 'NV_86', '86', 1),
(87, 'NV_87', 'NV_87', '87', 1),
(88, 'NV_88', 'NV_88', '88', 1),
(89, 'NV_89', 'NV_89', '89', 1),
(90, 'NV_90', 'NV_90', '90', 1),
(91, 'NV_91', 'NV_91', '91', 1),
(92, 'NV_92', 'NV_92', '92', 1),
(93, 'NV_93', 'NV_93', '93', 1),
(94, 'NV_94', 'NV_94', '94', 1),
(95, 'NV_95', 'NV_95', '95', 1),
(96, 'NV_96', 'NV_96', '96', 1),
(97, 'NV_97', 'NV_97', '97', 1),
(98, 'NV_98', 'NV_98', '98', 1),
(99, 'NV_99', 'NV_99', '99', 1),
(100, 'NV_100', 'NV_100', '100', 1),
(101, 'NV_101', 'NV_101', '101', 1),
(102, 'NV_102', 'NV_102', '102', 1),
(103, 'NV_103', 'NV_103', '103', 1),
(104, 'NV_104', 'NV_104', '104', 1),
(105, 'NV_105', 'NV_105', '105', 1),
(106, 'NV_106', 'NV_106', '106', 1),
(107, 'NV_107', 'NV_107', '107', 1),
(108, 'NV_108', 'NV_108', '108', 1),
(109, 'NV_109', 'NV_109', '109', 1),
(110, 'NV_110', 'NV_110', '110', 1),
(111, 'NV_111', 'NV_111', '111', 1),
(112, 'NV_112', 'NV_112', '112', 1),
(113, 'NV_113', 'NV_113', '113', 1),
(114, 'NV_114', 'NV_114', '114', 1),
(115, 'NV_115', 'NV_115', '115', 1),
(116, 'NV_116', 'NV_116', '116', 1),
(117, 'NV_117', 'NV_117', '117', 1),
(118, 'NV_118', 'NV_118', '118', 1),
(119, 'NV_119', 'NV_119', '119', 1),
(120, 'NV_120', 'NV_120', '120', 1),
(121, 'NV_121', 'NV_121', '121', 1),
(122, 'NV_122', 'NV_122', '122', 1),
(123, 'NV_123', 'NV_123', '123', 1),
(124, 'NV_124', 'NV_124', '124', 1),
(125, 'NV_125', 'NV_125', '125', 1),
(126, 'NV_126', 'NV_126', '126', 1),
(127, 'NV_127', 'NV_127', '127', 1),
(128, 'NV_128', 'NV_128', '128', 1),
(129, 'NV_129', 'NV_129', '129', 1),
(130, 'NV_130', 'NV_130', '130', 1),
(131, 'NV_131', 'NV_131', '131', 1),
(132, 'NV_132', 'NV_132', '132', 1),
(133, 'NV_133', 'NV_133', '133', 1),
(134, 'NV_134', 'NV_134', '134', 1),
(135, 'NV_135', 'NV_135', '135', 1),
(136, 'NV_136', 'NV_136', '136', 1),
(137, 'NV_137', 'NV_137', '137', 1),
(138, 'NV_138', 'NV_138', '138', 1),
(139, 'NV_139', 'NV_139', '139', 1),
(140, 'NV_140', 'NV_140', '140', 1),
(141, 'QLDV_1', 'QLDV_1', '1', 2),
(142, 'QLDV_2', 'QLDV_2', '2', 2),
(143, 'QLDV_3', 'QLDV_3', '3', 2),
(144, 'QLDV_4', 'QLDV_4', '4', 2),
(145, 'QLDV_5', 'QLDV_5', '5', 2),
(146, 'QLCT_1', 'QLCT_1', '', 3),
(147, 'QLCT_2', 'QLCT_2', '', 3);

-- --------------------------------------------------------

--
-- Table structure for table `nhan_vien`
--

CREATE TABLE IF NOT EXISTS `nhan_vien` (
  `ID` int(11) NOT NULL AUTO_INCREMENT,
  `Ho_ten` varchar(200) DEFAULT NULL,
  `Gioi_tinh` int(1) DEFAULT NULL,
  `Ngay_sinh` date DEFAULT NULL,
  `CMND` varchar(200) DEFAULT NULL,
  `Muc_luong` double DEFAULT NULL,
  `Dia_chi` varchar(200) DEFAULT NULL,
  `ID_DON_VI` int(11) DEFAULT NULL,
  PRIMARY KEY (`ID`)
) ENGINE=InnoDB  DEFAULT CHARSET=utf8 AUTO_INCREMENT=141 ;

--
-- Dumping data for table `nhan_vien`
--

INSERT INTO `nhan_vien` (`ID`, `Ho_ten`, `Gioi_tinh`, `Ngay_sinh`, `CMND`, `Muc_luong`, `Dia_chi`, `ID_DON_VI`) VALUES
(1, 'Phí quyết Nguyên', 1, '1973-08-31', '060605210', 5200000, '424 C Phường 4- Quận 10- Tỉnh/Tp CC\r\n', 1),
(2, 'Đổ sơn thụy Trang', 0, '1979-03-14', '083239154', 8400000, '96 C Phường 1- Quận 11- Tỉnh/Tp CC\r\n', 1),
(3, 'Triệu thị trang Đài', 0, '1990-04-26', '005487440', 5000000, '64/23 H Phường 8- Quận 3- Tỉnh/Tp HH\r\n', 1),
(4, 'Bùi nam quang Viễn', 0, '1993-05-21', '092700391', 5800000, '3 U Phường 8- Quận 11- Tỉnh/Tp UU\r\n', 1),
(5, 'Nguyễn ngọc Khuê', 1, '1977-07-22', '047326979', 8000000, '629/59 F Phường 1- Quận 11- Tỉnh/Tp FF\r\n', 1),
(6, 'Lâm lý Hoàng', 1, '1969-08-18', '040434070', 4200000, '56/89 N Phường 4- Quận 1- Tỉnh/Tp NN\r\n', 1),
(7, 'Hứa triệu Hạnh', 0, '1980-08-26', '016735343', 9600000, '26 F Phường 2- Quận 9- Tỉnh/Tp FF\r\n', 1),
(8, 'Bùi đình Bình', 0, '1974-08-29', '064433543', 5600000, '8 V Phường 8- Quận 11- Tỉnh/Tp VV\r\n', 1),
(9, 'Trang bùi Kháng', 1, '1982-06-25', '095135931', 5200000, '14 E Phường 5- Quận 4- Tỉnh/Tp EE\r\n', 1),
(10, 'Nguyễn thiện Hạ', 0, '1966-01-25', '094229144', 3000000, '5 E Phường 4- Quận 2- Tỉnh/Tp EE\r\n', 1),
(11, 'Trần thanh thụy Lan', 1, '1970-11-19', '029105862', 6600000, '2/53 N Phường 1- Quận 1- Tỉnh/Tp NN\r\n', 1),
(12, 'Đặng lý hồng Thu', 0, '1991-01-25', '062256584', 9000000, '2 P Phường 8- Quận 1- Tỉnh/Tp PP\r\n', 1),
(13, 'Trần ngọc hải Sơn', 1, '1978-02-03', '018992163', 2400000, '92 I Phường 6- Quận 10- Tỉnh/Tp II\r\n', 1),
(14, 'Hà chiến đan Tân', 1, '1989-06-18', '087905879', 7600000, '453 U Phường 4- Quận 4- Tỉnh/Tp UU\r\n', 1),
(15, 'Châu phước hiền trúc', 1, '1974-10-03', '032912234', 6600000, '863/99 W Phường 7- Quận 5- Tỉnh/Tp WW\r\n', 1),
(16, 'Phi duy thảo Nguyên', 0, '1982-09-01', '073572633', 5200000, '54 B Phường 4- Quận 8- Tỉnh/Tp BB\r\n', 1),
(17, 'Kiều thế Tế', 1, '1976-09-18', '067563351', 2000000, '9 Q Phường 3- Quận 12- Tỉnh/Tp QQ\r\n', 1),
(18, 'Lý thị Lam', 0, '1971-11-28', '053178383', 8200000, '72 E Phường 1- Quận 9- Tỉnh/Tp EE\r\n', 1),
(19, 'Nguyễn quyết thục Phán', 1, '1986-10-14', '024458986', 8400000, '6 U Phường 8- Quận 4- Tỉnh/Tp UU\r\n', 1),
(20, 'Triệu lâm Hiền', 1, '1979-09-15', '023628742', 3600000, '325 H Phường 9- Quận 11- Tỉnh/Tp HH\r\n', 1),
(21, 'Đinh văn Hạnh', 1, '1984-07-21', '092168370', 3600000, '9 M Phường 8- Quận 11- Tỉnh/Tp MM\r\n', 1),
(22, 'Ngô thế Bình', 0, '1982-05-15', '040749352', 8400000, '86 O Phường 4- Quận 6- Tỉnh/Tp OO\r\n', 1),
(23, 'Quách thị hiền trúc', 1, '1977-03-09', '015027042', 6200000, '98 G Phường 9- Quận 7- Tỉnh/Tp GG\r\n', 1),
(24, 'Phí bích Thiết', 0, '1978-02-21', '025422943', 3000000, '24/38 M Phường 7- Quận 4- Tỉnh/Tp MM\r\n', 1),
(25, 'Đồng tiến Khóa', 1, '1972-02-18', '008703493', 5400000, '49 Y Phường 6- Quận 14- Tỉnh/Tp YY\r\n', 1),
(26, 'Hoa thanh Lan', 0, '1975-11-09', '008529474', 6800000, '6 A Phường 6- Quận 9- Tỉnh/Tp AA\r\n', 1),
(27, 'Thái ngọc tuấn Tài', 0, '1974-12-22', '070792451', 4400000, '312 X Phường 9- Quận 4- Tỉnh/Tp XX\r\n', 1),
(28, 'Đặng ngọc Táo', 1, '1989-12-22', '081758494', 4600000, '16 B Phường 1- Quận 8- Tỉnh/Tp BB\r\n', 1),
(29, 'Trần quyết sơn Trúc', 0, '1969-10-13', '089531662', 4400000, '8/92 F Phường 6- Quận 4- Tỉnh/Tp FF\r\n', 1),
(30, 'Tô quỳnh Bính', 1, '1989-01-02', '038052887', 8800000, '267 D Phường 2- Quận 4- Tỉnh/Tp DD\r\n', 1),
(31, 'Trần tiến Quân', 1, '1964-09-28', '011468433', 8600000, '545/59 T Phường 8- Quận 11- Tỉnh/Tp TT\r\n', 2),
(32, 'Lê minh Khang', 1, '1984-12-13', '052250493', 8400000, '46 D Phường 6- Quận 1- Tỉnh/Tp DD\r\n', 2),
(33, 'Dương thanh Bình', 1, '1975-09-27', '013496480', 6800000, '685 L Phường 5- Quận 13- Tỉnh/Tp LL\r\n', 2),
(34, 'Trương phước thảo Trúc', 1, '1983-03-26', '071576262', 2800000, '334 V Phường 5- Quận 7- Tỉnh/Tp VV\r\n', 2),
(35, 'Mai đình Dương', 1, '1990-04-05', '077321551', 6400000, '9 N Phường 3- Quận 7- Tỉnh/Tp NN\r\n', 2),
(36, 'Lâm văn Thiết', 1, '1973-07-27', '065515564', 8200000, '825 J Phường 7- Quận 6- Tỉnh/Tp JJ\r\n', 2),
(37, 'Bàng bùi Trường', 0, '1991-12-13', '040383605', 3400000, '98/27 F Phường 2- Quận 11- Tỉnh/Tp FF\r\n', 2),
(38, 'Cao kiến đổ Quyên', 1, '1982-07-14', '037068744', 5400000, '6 D Phường 5- Quận 12- Tỉnh/Tp DD\r\n', 2),
(39, 'Bạch lê Khánh', 1, '1970-01-23', '072256152', 7200000, '36 U Phường 7- Quận 9- Tỉnh/Tp UU\r\n', 2),
(40, 'Lý đình hải Bích', 1, '1966-07-06', '071635073', 2600000, '87/87 C Phường 5- Quận 8- Tỉnh/Tp CC\r\n', 2),
(41, 'Lê sơn Đông', 1, '1987-04-27', '089913729', 5400000, '1/10 E Phường 6- Quận 4- Tỉnh/Tp EE\r\n', 2),
(42, 'Đổ bùi Tâm', 0, '1981-06-11', '004839602', 7200000, '1 Y Phường 2- Quận 11- Tỉnh/Tp YY\r\n', 2),
(43, 'Trần duy Lan', 0, '1966-12-13', '010570899', 4000000, '544/88 L Phường 1- Quận 11- Tỉnh/Tp LL\r\n', 2),
(44, 'Bàng bùi Trưởng', 0, '1987-01-29', '019209897', 5600000, '849 D Phường 3- Quận 2- Tỉnh/Tp DD\r\n', 2),
(45, 'Trần lê bạch Mai', 0, '1981-07-12', '074732263', 8600000, '534 T Phường 8- Quận 14- Tỉnh/Tp TT\r\n', 2),
(46, 'Đổ bích Tế', 1, '1979-09-04', '057959424', 2200000, '163 G Phường 6- Quận 9- Tỉnh/Tp GG\r\n', 2),
(47, 'Hứa đình Trường', 1, '1990-04-12', '096535270', 7000000, '52 A Phường 4- Quận 11- Tỉnh/Tp AA\r\n', 2),
(48, 'Bùi lê Bình', 1, '1991-03-12', '072759534', 7600000, '9 Q Phường 8- Quận 4- Tỉnh/Tp QQ\r\n', 2),
(49, 'Phạm bảo Khiêm', 1, '1985-06-11', '090500821', 9000000, '92 Y Phường 2- Quận 6- Tỉnh/Tp YY\r\n', 2),
(50, 'Bạch kiến Thiết', 0, '1974-11-02', '059367222', 8200000, '216 R Phường 6- Quận 10- Tỉnh/Tp RR\r\n', 2),
(51, 'Trang quyết Nguyên', 1, '1981-12-05', '031786681', 7800000, '34 D Phường 3- Quận 7- Tỉnh/Tp DD\r\n', 2),
(52, 'Bùi hồng Bình', 0, '1967-01-27', '067100471', 4800000, '42 N Phường 2- Quận 12- Tỉnh/Tp NN\r\n', 2),
(53, 'Phi tắc tuấn Tài', 1, '1983-12-04', '097735542', 3800000, '33 R Phường 4- Quận 10- Tỉnh/Tp RR\r\n', 2),
(54, 'Phạm thế Tạo', 1, '1993-02-18', '039814616', 5200000, '464 A Phường 4- Quận 10- Tỉnh/Tp AA\r\n', 2),
(55, 'Triệu đình Quân', 0, '1967-09-08', '081948710', 9800000, '47 V Phường 8- Quận 2- Tỉnh/Tp VV\r\n', 2),
(56, 'Đổ phước Trang', 0, '1988-11-21', '068600331', 3000000, '7/32 B Phường 7- Quận 5- Tỉnh/Tp BB\r\n', 2),
(57, 'Triệu bích thảo Nguyên', 1, '1973-05-07', '098270145', 5600000, '1 H Phường 3- Quận 4- Tỉnh/Tp HH\r\n', 2),
(58, 'Đinh văn hải Bích', 1, '1989-09-01', '098366371', 8400000, '2 D Phường 5- Quận 9- Tỉnh/Tp DD\r\n', 2),
(59, 'Mai phạm Tạo', 1, '1970-11-29', '085616797', 6200000, '5 Y Phường 6- Quận 6- Tỉnh/Tp YY\r\n', 2),
(60, 'Hoàng thành Thiết', 1, '1983-05-10', '033738117', 7200000, '7/73 D Phường 1- Quận 6- Tỉnh/Tp DD\r\n', 3),
(61, 'Phạm kim quang Mỹ', 0, '1976-06-22', '006751951', 6000000, '92 V Phường 4- Quận 11- Tỉnh/Tp VV\r\n', 3),
(62, 'Đổ hửu kim Hồng', 0, '1969-06-20', '012342859', 9600000, '6/30 I Phường 7- Quận 1- Tỉnh/Tp II\r\n', 3),
(63, 'Trần gia gia Trưởng', 0, '1982-06-17', '017892266', 8400000, '543 H Phường 4- Quận 3- Tỉnh/Tp HH\r\n', 3),
(64, 'Lâm thanh trầm Long', 1, '1980-05-13', '013915676', 6800000, '86/58 O Phường 5- Quận 14- Tỉnh/Tp OO\r\n', 3),
(65, 'Nhữ đình Trí', 1, '1973-11-08', '018944657', 2800000, '466 W Phường 2- Quận 11- Tỉnh/Tp WW\r\n', 3),
(66, 'Nguyên phước Song', 1, '1966-07-21', '046877684', 9800000, '483/26 B Phường 2- Quận 1- Tỉnh/Tp BB\r\n', 3),
(67, 'Võ văn Bích', 1, '1968-12-15', '049158803', 2200000, '143 R Phường 9- Quận 13- Tỉnh/Tp RR\r\n', 3),
(68, 'Phi tắc hải Liên', 1, '1970-01-17', '072797790', 6400000, '454 Q Phường 1- Quận 1- Tỉnh/Tp QQ\r\n', 3),
(69, 'Cao thiện Hồng', 1, '1990-05-06', '027845129', 7200000, '72/91 U Phường 9- Quận 3- Tỉnh/Tp UU\r\n', 3),
(70, 'Phùng phước quang Mỹ', 1, '1970-07-20', '098182889', 8600000, '889/16 G Phường 2- Quận 11- Tỉnh/Tp GG\r\n', 3),
(71, 'Hồ tắc xuân Trường', 1, '1988-10-30', '025720460', 5000000, '98/33 P Phường 8- Quận 7- Tỉnh/Tp PP\r\n', 3),
(72, 'Trần sơn Viễn', 0, '1975-08-02', '039888062', 8400000, '9/95 H Phường 5- Quận 8- Tỉnh/Tp HH\r\n', 3),
(73, 'Bạch thành Thu', 0, '1978-01-11', '040200583', 6800000, '52 F Phường 8- Quận 6- Tỉnh/Tp FF\r\n', 3),
(74, 'Đồng chiến kim Hồng', 1, '1968-03-02', '069803348', 3600000, '3 W Phường 9- Quận 13- Tỉnh/Tp WW\r\n', 3),
(75, 'Nguyễn thị thanh Tần', 0, '1987-11-27', '092548106', 3200000, '96 I Phường 7- Quận 2- Tỉnh/Tp II\r\n', 3),
(76, 'Trần văn Lan', 1, '1978-09-14', '043323929', 8400000, '71 F Phường 4- Quận 6- Tỉnh/Tp FF\r\n', 3),
(77, 'Hồ bùi Đông', 1, '1987-05-25', '075162518', 4000000, '233 U Phường 2- Quận 4- Tỉnh/Tp UU\r\n', 3),
(78, 'Trầm thị đan Tân', 0, '1974-05-07', '032690379', 9000000, '17 V Phường 2- Quận 8- Tỉnh/Tp VV\r\n', 3),
(79, 'Lê viết Khánh', 1, '1980-06-24', '055727612', 6400000, '414/97 A Phường 3- Quận 7- Tỉnh/Tp AA\r\n', 3),
(80, 'Đặng lê Thanh', 0, '1984-06-11', '025790658', 8400000, '88 V Phường 7- Quận 5- Tỉnh/Tp VV\r\n', 3),
(81, 'Lý bảo Khuê', 1, '1979-02-20', '066361478', 3600000, '368 Q Phường 1- Quận 9- Tỉnh/Tp QQ\r\n', 3),
(82, 'Huỳnh hữu Lan', 1, '1981-08-31', '045421510', 6400000, '62 Y Phường 4- Quận 5- Tỉnh/Tp YY\r\n', 3),
(83, 'Đặng thị thụy Lan', 1, '1982-03-01', '065283021', 5600000, '3 A Phường 2- Quận 11- Tỉnh/Tp AA\r\n', 3),
(84, 'Phạm cao ngọc Liên', 1, '1982-11-10', '014696866', 4400000, '4/15 Y Phường 8- Quận 1- Tỉnh/Tp YY\r\n', 3),
(85, 'Đinh quyết thụy Lan', 1, '1992-11-20', '090437686', 3400000, '864 F Phường 9- Quận 5- Tỉnh/Tp FF\r\n', 3),
(86, 'Lý hữu Dung', 0, '1988-08-26', '028030279', 5400000, '76/37 F Phường 6- Quận 13- Tỉnh/Tp FF\r\n', 3),
(87, 'Hứa kiên Lành', 1, '1972-09-16', '056646093', 4000000, '4/90 O Phường 3- Quận 7- Tỉnh/Tp OO\r\n', 3),
(88, 'Trầm thành Trúc', 1, '1980-02-04', '028739772', 4600000, '57 I Phường 4- Quận 10- Tỉnh/Tp II\r\n', 4),
(89, 'Chu gia bích Châu', 1, '1967-02-17', '036294624', 7200000, '28 F Phường 8- Quận 13- Tỉnh/Tp FF\r\n', 4),
(90, 'Huỳnh đình Ngoạn', 1, '1965-11-13', '095949287', 2200000, '224 F Phường 5- Quận 7- Tỉnh/Tp FF\r\n', 4),
(91, 'Thái lý phi Nhung', 0, '1984-03-24', '012810574', 9800000, '8/45 B Phường 3- Quận 8- Tỉnh/Tp BB\r\n', 4),
(92, 'Công ngọc Đài', 0, '1982-08-05', '049632636', 3600000, '7/32 K Phường 6- Quận 9- Tỉnh/Tp KK\r\n', 4),
(93, 'Phạm thị Thanh', 0, '1980-10-09', '088335119', 2400000, '121 I Phường 2- Quận 12- Tỉnh/Tp II\r\n', 4),
(94, 'Phạm thiện Anh', 0, '1987-05-05', '000816696', 3600000, '6/66 B Phường 3- Quận 14- Tỉnh/Tp BB\r\n', 4),
(95, 'Trần quyết Hạ', 0, '1968-03-29', '057017349', 4800000, '67/83 G Phường 6- Quận 6- Tỉnh/Tp GG\r\n', 4),
(96, 'Trang hữu Bình', 1, '1980-06-18', '095902891', 6000000, '1 O Phường 4- Quận 12- Tỉnh/Tp OO\r\n', 4),
(97, 'Triệu phước ngọc Liên', 1, '1983-12-01', '087025203', 4400000, '677 T Phường 5- Quận 3- Tỉnh/Tp TT\r\n', 4),
(98, 'Hứa thanh Thiên', 1, '1971-01-27', '083742974', 6600000, '5 R Phường 2- Quận 8- Tỉnh/Tp RR\r\n', 4),
(99, 'Nguyễn hữu Hùng', 0, '1980-08-12', '085539653', 8000000, '3 P Phường 6- Quận 12- Tỉnh/Tp PP\r\n', 4),
(100, 'Nguyễn chiến Táo', 1, '1968-04-13', '058341925', 9600000, '21 M Phường 4- Quận 5- Tỉnh/Tp MM\r\n', 4),
(101, 'Ôn đình Hồng', 0, '1974-11-11', '047396113', 8400000, '5 Q Phường 9- Quận 14- Tỉnh/Tp QQ\r\n', 4),
(102, 'Ngô quyết Song', 0, '1975-07-07', '093211111', 6200000, '254 C Phường 2- Quận 1- Tỉnh/Tp CC\r\n', 4),
(103, 'Trang bảo Toàn', 1, '1969-12-30', '013601541', 7200000, '6/44 C Phường 5- Quận 2- Tỉnh/Tp CC\r\n', 4),
(104, 'Lê phước Thúy', 0, '1989-06-07', '089968881', 6800000, '23 F Phường 8- Quận 8- Tỉnh/Tp FF\r\n', 4),
(105, 'Huỳnh đắc Tạo', 0, '1976-08-24', '029913069', 8200000, '7/41 G Phường 5- Quận 11- Tỉnh/Tp GG\r\n', 4),
(106, 'Nguyễn kim bảo Châu', 0, '1992-06-28', '006396866', 7000000, '52 P Phường 9- Quận 13- Tỉnh/Tp PP\r\n', 4),
(107, 'Dương phước Trúc', 1, '1971-07-28', '084404937', 7000000, '935/36 O Phường 2- Quận 11- Tỉnh/Tp OO\r\n', 4),
(108, 'Võ hùng Kiếm', 1, '1983-04-10', '020965807', 8000000, '73/95 Y Phường 2- Quận 14- Tỉnh/Tp YY\r\n', 4),
(109, 'Trương cao quang Mỹ', 0, '1979-11-06', '099463277', 3200000, '782 M Phường 3- Quận 12- Tỉnh/Tp MM\r\n', 4),
(110, 'Hà văn Nguyệt', 1, '1990-09-23', '079061518', 5000000, '9 E Phường 9- Quận 3- Tỉnh/Tp EE\r\n', 4),
(111, 'Hà minh bình Minh', 1, '1993-07-21', '017537066', 5600000, '464/26 L Phường 6- Quận 10- Tỉnh/Tp LL\r\n', 4),
(112, 'Quách quyết hồng Thu', 1, '1982-07-12', '058475183', 8800000, '271 S Phường 8- Quận 3- Tỉnh/Tp SS\r\n', 4),
(113, 'Phi bảo Thúy', 1, '1986-07-18', '033177386', 9600000, '81/56 I Phường 3- Quận 3- Tỉnh/Tp II\r\n', 5),
(114, 'Thái hồng Đại', 0, '1983-11-14', '013108892', 2200000, '375/61 S Phường 4- Quận 8- Tỉnh/Tp SS\r\n', 5),
(115, 'Chu ngọc Xuân', 0, '1990-03-29', '093248707', 8200000, '7/87 Q Phường 7- Quận 8- Tỉnh/Tp QQ\r\n', 5),
(116, 'Nguyễn hà minh Lý', 1, '1989-03-11', '082037410', 2200000, '63 D Phường 7- Quận 9- Tỉnh/Tp DD\r\n', 5),
(117, 'Nguyễn lý phi Hùng', 0, '1970-01-01', '045877060', 6600000, '34/20 B Phường 2- Quận 3- Tỉnh/Tp BB\r\n', 5),
(118, 'Đổ tiến thục Phán', 0, '1986-09-07', '080945086', 7200000, '4 K Phường 7- Quận 3- Tỉnh/Tp KK\r\n', 5),
(119, 'Chu như Dung', 0, '1964-01-19', '049383064', 3200000, '2/48 R Phường 7- Quận 11- Tỉnh/Tp RR\r\n', 5),
(120, 'Phạm tiến đình Phước', 0, '1968-04-28', '087003730', 6800000, '9 T Phường 3- Quận 13- Tỉnh/Tp TT\r\n', 5),
(121, 'Lê hùng Nguyệt', 1, '1975-10-10', '045603279', 5200000, '788 O Phường 2- Quận 4- Tỉnh/Tp OO\r\n', 5),
(122, 'Đặng văn Nguyên', 1, '1976-05-16', '059366480', 8200000, '1/72 J Phường 2- Quận 2- Tỉnh/Tp JJ\r\n', 5),
(123, 'Cao thị Lan', 1, '1982-08-15', '082059775', 3600000, '2/12 X Phường 7- Quận 10- Tỉnh/Tp XX\r\n', 5),
(124, 'Ôn hữu Trinh', 1, '1974-10-18', '094861201', 4000000, '388 Q Phường 3- Quận 1- Tỉnh/Tp QQ\r\n', 5),
(125, 'Lý đình Trưởng', 0, '1981-02-10', '028064438', 7200000, '338 F Phường 9- Quận 11- Tỉnh/Tp FF\r\n', 5),
(126, 'Trang gia Châu', 0, '1970-03-12', '083220477', 6800000, '843 N Phường 5- Quận 12- Tỉnh/Tp NN\r\n', 5),
(127, 'Kiều thanh Đài', 1, '1981-06-22', '055880101', 5800000, '6/96 T Phường 4- Quận 3- Tỉnh/Tp TT\r\n', 5),
(128, 'Nguyễn đình Hóa', 0, '1967-07-05', '034452327', 3000000, '51 T Phường 7- Quận 7- Tỉnh/Tp TT\r\n', 5),
(129, 'Hoàng văn hồng Thu', 0, '1976-08-05', '046720706', 2600000, '335/19 I Phường 3- Quận 11- Tỉnh/Tp II\r\n', 5),
(130, 'Ôn hà Khang', 1, '1978-09-29', '009607635', 6000000, '7 S Phường 7- Quận 5- Tỉnh/Tp SS\r\n', 5),
(131, 'Hứa văn Đông', 1, '1965-10-06', '082786618', 7200000, '192/74 G Phường 4- Quận 11- Tỉnh/Tp GG\r\n', 5),
(132, 'Liên thiện chiến Thắng', 1, '1988-06-09', '027236051', 6400000, '36 G Phường 8- Quận 6- Tỉnh/Tp GG\r\n', 5),
(133, 'Huỳnh bảo Viễn', 0, '1984-11-16', '007759088', 8800000, '3 K Phường 5- Quận 1- Tỉnh/Tp KK\r\n', 5),
(134, 'Trần kim thúy Hạnh', 0, '1967-10-23', '064585895', 4800000, '4/43 C Phường 2- Quận 1- Tỉnh/Tp CC\r\n', 5),
(135, 'Dương văn minh Châu', 0, '1983-08-16', '037299487', 2400000, '177/58 D Phường 9- Quận 14- Tỉnh/Tp DD\r\n', 5),
(136, 'Huỳnh đình ngọc Liên', 0, '1982-03-23', '070222094', 8600000, '538 V Phường 6- Quận 7- Tỉnh/Tp VV\r\n', 5),
(137, 'Lý tiến Trang', 1, '1972-10-17', '056068485', 9200000, '8/49 W Phường 7- Quận 2- Tỉnh/Tp WW\r\n', 5),
(138, 'Chu thanh Quyên', 1, '1971-10-23', '092777036', 9400000, '33 O Phường 6- Quận 4- Tỉnh/Tp OO\r\n', 5),
(139, 'Trầm lê Anh', 0, '1971-05-19', '091569983', 6800000, '2 A Phường 6- Quận 5- Tỉnh/Tp AA\r\n', 5),
(140, 'Nguyễn phước đổ Quyên', 1, '1978-06-28', '099758931', 9200000, '679/11 C Phường 2- Quận 1- Tỉnh/Tp CC\r\n', 5);

-- --------------------------------------------------------

--
-- Table structure for table `nhom_nguoi_dung`
--

CREATE TABLE IF NOT EXISTS `nhom_nguoi_dung` (
  `ID` int(11) NOT NULL AUTO_INCREMENT,
  `Ten` varchar(200) DEFAULT NULL,
  `Ma_so` varchar(200) DEFAULT NULL,
  PRIMARY KEY (`ID`)
) ENGINE=InnoDB  DEFAULT CHARSET=utf8 AUTO_INCREMENT=4 ;

--
-- Dumping data for table `nhom_nguoi_dung`
--

INSERT INTO `nhom_nguoi_dung` (`ID`, `Ten`, `Ma_so`) VALUES
(1, 'Nhân viên', 'NV'),
(2, 'Quản lý Đơn vị', 'QLDV'),
(3, 'Quản lý Công ty', 'QLCT');

-- --------------------------------------------------------

--
-- Table structure for table `phieu_phan_cong`
--

CREATE TABLE IF NOT EXISTS `phieu_phan_cong` (
  `ID` int(11) NOT NULL AUTO_INCREMENT,
  `Ngay_bat_dau` date DEFAULT NULL,
  `So_ngay` int(11) DEFAULT NULL,
  `ID_NHAN_VIEN` int(11) DEFAULT NULL,
  `ID_LOAI_CONG_VIEC` int(11) DEFAULT NULL,
  PRIMARY KEY (`ID`)
) ENGINE=InnoDB  DEFAULT CHARSET=utf8 AUTO_INCREMENT=1339 ;

--
-- Dumping data for table `phieu_phan_cong`
--

INSERT INTO `phieu_phan_cong` (`ID`, `Ngay_bat_dau`, `So_ngay`, `ID_NHAN_VIEN`, `ID_LOAI_CONG_VIEC`) VALUES
(1, '2014-04-20', 3, 3, 2),
(2, '2014-05-28', 6, 3, 2),
(3, '2014-05-08', 2, 3, 2),
(4, '2014-07-10', 6, 3, 2),
(5, '2014-05-26', 3, 3, 2),
(6, '2014-07-24', 5, 3, 2),
(7, '2014-07-07', 6, 3, 2),
(8, '2014-05-30', 2, 3, 2),
(9, '2014-07-01', 6, 3, 2),
(10, '2014-07-31', 4, 3, 2),
(11, '2014-07-19', 6, 3, 2),
(12, '2014-07-28', 3, 3, 2),
(13, '2014-09-11', 2, 3, 2),
(14, '2014-08-15', 1, 3, 2),
(15, '2014-09-09', 1, 3, 2),
(16, '2014-08-18', 3, 3, 2),
(17, '2014-09-25', 2, 3, 2),
(18, '2014-10-16', 6, 3, 2),
(19, '2014-10-23', 5, 3, 2),
(20, '2014-10-19', 5, 3, 2),
(21, '2014-10-27', 3, 3, 2),
(22, '2014-11-04', 3, 3, 2),
(23, '2014-11-12', 1, 3, 2),
(24, '2014-11-06', 6, 3, 2),
(25, '2014-11-28', 6, 3, 2),
(26, '2014-12-01', 2, 3, 2),
(27, '2014-12-06', 6, 3, 2),
(28, '2014-12-16', 6, 3, 2),
(29, '2014-12-28', 4, 3, 2),
(30, '2015-01-05', 4, 3, 2),
(31, '2015-01-17', 4, 3, 2),
(32, '2015-01-24', 5, 3, 2),
(33, '2015-01-31', 4, 3, 2),
(34, '2014-02-09', 4, 9, 3),
(35, '2014-04-26', 4, 9, 1),
(36, '2014-05-04', 4, 9, 3),
(37, '2014-03-11', 4, 9, 3),
(38, '2014-06-19', 4, 9, 1),
(39, '2014-06-26', 1, 9, 3),
(40, '2014-07-03', 5, 9, 1),
(41, '2014-05-17', 4, 9, 3),
(42, '2014-07-17', 4, 9, 1),
(43, '2014-07-24', 3, 9, 3),
(44, '2014-07-31', 4, 9, 3),
(45, '2014-07-15', 2, 9, 1),
(46, '2014-07-01', 5, 9, 3),
(47, '2014-08-21', 4, 9, 3),
(48, '2014-06-29', 3, 9, 3),
(49, '2014-07-09', 1, 9, 1),
(50, '2014-07-19', 2, 9, 3),
(51, '2014-07-29', 1, 9, 3),
(52, '2014-09-09', 1, 9, 3),
(53, '2014-09-17', 2, 9, 3),
(54, '2014-10-09', 1, 9, 1),
(55, '2014-09-07', 5, 9, 3),
(56, '2014-09-29', 6, 9, 1),
(57, '2014-10-30', 3, 9, 1),
(58, '2014-10-27', 6, 9, 1),
(59, '2014-11-04', 6, 9, 1),
(60, '2014-11-04', 3, 9, 3),
(61, '2014-11-27', 2, 9, 1),
(62, '2014-12-04', 2, 9, 1),
(63, '2014-12-11', 6, 9, 1),
(64, '2014-12-18', 3, 9, 3),
(65, '2014-12-19', 1, 9, 1),
(66, '2014-12-30', 6, 9, 3),
(67, '2015-01-05', 2, 9, 1),
(68, '2015-01-17', 6, 9, 1),
(69, '2015-01-26', 2, 9, 3),
(70, '2015-02-06', 2, 9, 3),
(71, '2015-02-13', 5, 9, 1),
(72, '2015-02-14', 5, 9, 1),
(73, '2015-03-03', 4, 9, 1),
(74, '2015-03-06', 6, 9, 1),
(75, '2013-12-21', 6, 10, 3),
(76, '2013-12-31', 5, 10, 1),
(77, '2014-05-01', 5, 10, 3),
(78, '2014-05-08', 3, 10, 1),
(79, '2014-03-06', 1, 10, 1),
(80, '2014-03-15', 2, 10, 1),
(81, '2014-05-29', 6, 10, 3),
(82, '2014-04-02', 5, 10, 1),
(83, '2014-03-11', 4, 10, 1),
(84, '2014-06-19', 1, 10, 1),
(85, '2014-03-31', 1, 10, 3),
(86, '2014-05-08', 6, 10, 1),
(87, '2014-04-20', 3, 10, 3),
(88, '2014-04-30', 2, 10, 3),
(89, '2014-05-10', 5, 10, 1),
(90, '2014-06-13', 1, 10, 1),
(91, '2014-06-22', 6, 10, 1),
(92, '2014-08-14', 6, 10, 1),
(93, '2014-07-31', 2, 10, 1),
(94, '2014-07-19', 6, 10, 1),
(95, '2014-07-09', 6, 10, 3),
(96, '2014-08-24', 3, 10, 1),
(97, '2014-07-29', 6, 10, 1),
(98, '2014-08-24', 4, 10, 3),
(99, '2014-09-02', 2, 10, 3),
(100, '2014-09-11', 6, 10, 1),
(101, '2014-10-16', 3, 10, 3),
(102, '2014-10-23', 3, 10, 1),
(103, '2014-10-30', 5, 10, 1),
(104, '2014-10-27', 2, 10, 3),
(105, '2014-11-13', 2, 10, 1),
(106, '2014-11-04', 6, 10, 1),
(107, '2014-11-20', 3, 10, 1),
(108, '2014-11-22', 4, 10, 1),
(109, '2014-12-11', 6, 10, 1),
(110, '2014-12-14', 3, 10, 3),
(111, '2014-12-19', 5, 10, 1),
(112, '2015-01-01', 4, 10, 3),
(113, '2015-01-06', 5, 10, 1),
(114, '2015-01-17', 4, 10, 1),
(115, '2015-01-26', 5, 10, 1),
(116, '2015-02-02', 3, 10, 1),
(117, '2015-02-16', 3, 10, 1),
(118, '2015-02-14', 3, 10, 3),
(119, '2015-02-26', 5, 10, 1),
(120, '2014-04-11', 5, 11, 3),
(121, '2014-05-20', 4, 11, 3),
(122, '2014-05-28', 3, 11, 1),
(123, '2014-05-08', 6, 11, 1),
(124, '2014-07-10', 6, 11, 3),
(125, '2014-07-17', 5, 11, 3),
(126, '2014-07-24', 3, 11, 3),
(127, '2014-07-07', 1, 11, 3),
(128, '2014-07-15', 2, 11, 1),
(129, '2014-07-01', 5, 11, 1),
(130, '2014-08-21', 6, 11, 1),
(131, '2014-07-19', 6, 11, 3),
(132, '2014-08-16', 2, 11, 3),
(133, '2014-07-19', 2, 11, 3),
(134, '2014-09-01', 5, 11, 1),
(135, '2014-08-08', 2, 11, 3),
(136, '2014-09-17', 2, 11, 3),
(137, '2014-08-28', 4, 11, 1),
(138, '2014-10-03', 1, 11, 3),
(139, '2014-09-17', 6, 11, 1),
(140, '2014-10-08', 6, 11, 3),
(141, '2014-10-17', 3, 11, 1),
(142, '2014-10-17', 4, 11, 3),
(143, '2014-11-20', 5, 11, 1),
(144, '2014-11-27', 2, 11, 1),
(145, '2014-11-16', 1, 11, 1),
(146, '2014-12-01', 4, 11, 3),
(147, '2014-12-10', 2, 11, 3),
(148, '2014-12-19', 3, 11, 1),
(149, '2015-01-01', 1, 11, 3),
(150, '2015-01-08', 4, 11, 1),
(151, '2015-01-17', 3, 11, 1),
(152, '2015-01-26', 2, 11, 1),
(153, '2015-01-31', 4, 11, 3),
(154, '2015-02-10', 4, 11, 1),
(155, '2014-06-12', 6, 18, 3),
(156, '2014-05-20', 6, 18, 3),
(157, '2014-06-26', 1, 18, 3),
(158, '2014-07-03', 5, 18, 3),
(159, '2014-06-13', 1, 18, 1),
(160, '2014-06-21', 3, 18, 1),
(161, '2014-05-10', 1, 18, 1),
(162, '2014-06-13', 6, 18, 1),
(163, '2014-06-22', 6, 18, 3),
(164, '2014-07-23', 1, 18, 3),
(165, '2014-08-21', 5, 18, 1),
(166, '2014-08-08', 2, 18, 3),
(167, '2014-08-16', 2, 18, 3),
(168, '2014-08-24', 3, 18, 1),
(169, '2014-07-29', 2, 18, 1),
(170, '2014-08-08', 3, 18, 1),
(171, '2014-10-02', 6, 18, 1),
(172, '2014-08-28', 6, 18, 1),
(173, '2014-10-16', 2, 18, 1),
(174, '2014-10-11', 5, 18, 3),
(175, '2014-10-30', 5, 18, 3),
(176, '2014-11-06', 6, 18, 1),
(177, '2014-10-26', 6, 18, 3),
(178, '2014-11-04', 6, 18, 1),
(179, '2014-11-20', 3, 18, 3),
(180, '2014-11-16', 6, 18, 3),
(181, '2014-12-11', 5, 18, 3),
(182, '2014-12-14', 1, 18, 1),
(183, '2014-12-16', 2, 18, 3),
(184, '2014-12-26', 3, 18, 3),
(185, '2015-01-06', 1, 18, 1),
(186, '2015-01-17', 4, 18, 1),
(187, '2015-01-27', 3, 18, 1),
(188, '2015-01-31', 3, 18, 1),
(189, '2015-02-13', 6, 18, 3),
(190, '2015-02-22', 3, 18, 1),
(191, '2015-02-21', 3, 18, 1),
(192, '2015-03-06', 1, 18, 1),
(193, '2014-03-06', 5, 37, 1),
(194, '2014-04-18', 6, 37, 1),
(195, '2014-03-24', 6, 37, 1),
(196, '2014-03-01', 2, 37, 1),
(197, '2014-03-11', 3, 37, 1),
(198, '2014-05-20', 3, 37, 1),
(199, '2014-04-29', 2, 37, 3),
(200, '2014-06-05', 1, 37, 3),
(201, '2014-06-13', 2, 37, 3),
(202, '2014-04-30', 2, 37, 1),
(203, '2014-06-29', 3, 37, 1),
(204, '2014-05-20', 4, 37, 1),
(205, '2014-05-30', 2, 37, 1),
(206, '2014-07-01', 6, 37, 1),
(207, '2014-06-19', 4, 37, 1),
(208, '2014-08-08', 3, 37, 1),
(209, '2014-07-09', 3, 37, 3),
(210, '2014-07-19', 1, 37, 3),
(211, '2014-07-29', 2, 37, 3),
(212, '2014-09-09', 1, 37, 3),
(213, '2014-08-18', 5, 37, 3),
(214, '2014-09-11', 3, 37, 3),
(215, '2014-09-07', 1, 37, 3),
(216, '2014-09-17', 3, 37, 1),
(217, '2014-10-19', 6, 37, 1),
(218, '2014-10-27', 4, 37, 1),
(219, '2014-10-26', 1, 37, 3),
(220, '2014-11-04', 1, 37, 3),
(221, '2014-11-13', 5, 37, 1),
(222, '2014-11-16', 6, 37, 1),
(223, '2014-11-26', 4, 37, 1),
(224, '2014-12-14', 6, 37, 1),
(225, '2014-12-22', 1, 37, 1),
(226, '2014-12-30', 3, 37, 1),
(227, '2015-01-08', 1, 37, 3),
(228, '2015-01-17', 1, 37, 1),
(229, '2015-01-26', 4, 37, 1),
(230, '2015-02-04', 1, 37, 3),
(231, '2015-02-07', 4, 37, 3),
(232, '2015-02-14', 5, 37, 1),
(233, '2015-02-21', 1, 37, 1),
(234, '2015-03-18', 6, 37, 3),
(235, '2015-03-07', 1, 37, 1),
(236, '2014-01-29', 2, 38, 1),
(237, '2014-02-07', 4, 38, 1),
(238, '2014-05-01', 6, 38, 3),
(239, '2014-04-02', 2, 38, 3),
(240, '2014-04-10', 5, 38, 3),
(241, '2014-02-09', 1, 38, 3),
(242, '2014-03-24', 4, 38, 3),
(243, '2014-03-01', 4, 38, 1),
(244, '2014-06-12', 2, 38, 3),
(245, '2014-06-19', 1, 38, 3),
(246, '2014-05-28', 1, 38, 3),
(247, '2014-05-08', 1, 38, 3),
(248, '2014-05-17', 3, 38, 1),
(249, '2014-04-30', 3, 38, 3),
(250, '2014-06-29', 3, 38, 1),
(251, '2014-07-07', 6, 38, 3),
(252, '2014-07-15', 6, 38, 3),
(253, '2014-07-23', 3, 38, 3),
(254, '2014-07-31', 5, 38, 3),
(255, '2014-08-28', 3, 38, 1),
(256, '2014-07-28', 6, 38, 3),
(257, '2014-07-19', 6, 38, 1),
(258, '2014-08-15', 4, 38, 3),
(259, '2014-08-24', 2, 38, 3),
(260, '2014-09-02', 5, 38, 1),
(261, '2014-09-11', 2, 38, 1),
(262, '2014-09-07', 5, 38, 1),
(263, '2014-10-23', 6, 38, 1),
(264, '2014-09-27', 1, 38, 3),
(265, '2014-10-27', 2, 38, 1),
(266, '2014-11-13', 3, 38, 1),
(267, '2014-10-27', 3, 38, 3),
(268, '2014-11-27', 4, 38, 1),
(269, '2014-11-16', 5, 38, 1),
(270, '2014-11-26', 4, 38, 3),
(271, '2014-12-18', 6, 38, 3),
(272, '2014-12-22', 6, 38, 1),
(273, '2014-12-28', 1, 38, 3),
(274, '2015-01-08', 3, 38, 1),
(275, '2015-01-17', 6, 38, 1),
(276, '2015-01-25', 2, 38, 1),
(277, '2015-02-02', 5, 38, 3),
(278, '2015-02-13', 3, 38, 3),
(279, '2015-02-22', 5, 38, 3),
(280, '2015-02-21', 6, 38, 1),
(281, '2015-02-28', 2, 38, 1),
(282, '2015-03-21', 1, 38, 1),
(283, '2015-04-07', 3, 38, 3),
(284, '2014-02-19', 6, 40, 2),
(285, '2014-06-05', 3, 40, 2),
(286, '2014-04-11', 3, 40, 2),
(287, '2014-05-20', 1, 40, 2),
(288, '2014-04-29', 1, 40, 2),
(289, '2014-04-10', 2, 40, 2),
(290, '2014-04-20', 1, 40, 2),
(291, '2014-04-30', 1, 40, 2),
(292, '2014-06-29', 2, 40, 2),
(293, '2014-07-31', 3, 40, 2),
(294, '2014-06-22', 5, 40, 2),
(295, '2014-07-23', 6, 40, 2),
(296, '2014-08-21', 3, 40, 2),
(297, '2014-08-08', 4, 40, 2),
(298, '2014-07-09', 5, 40, 2),
(299, '2014-08-06', 1, 40, 2),
(300, '2014-09-18', 1, 40, 2),
(301, '2014-09-25', 6, 40, 2),
(302, '2014-09-02', 5, 40, 2),
(303, '2014-09-11', 4, 40, 2),
(304, '2014-09-20', 3, 40, 2),
(305, '2014-10-11', 5, 40, 2),
(306, '2014-10-19', 2, 40, 2),
(307, '2014-10-17', 5, 40, 2),
(308, '2014-11-04', 2, 40, 2),
(309, '2014-11-20', 1, 40, 2),
(310, '2014-11-13', 6, 40, 2),
(311, '2014-11-16', 6, 40, 2),
(312, '2014-12-01', 4, 40, 2),
(313, '2014-12-18', 4, 40, 2),
(314, '2014-12-19', 4, 40, 2),
(315, '2015-01-01', 6, 40, 2),
(316, '2015-01-07', 4, 40, 2),
(317, '2015-01-17', 5, 40, 2),
(318, '2015-01-26', 3, 40, 2),
(319, '2015-02-04', 4, 40, 2),
(320, '2014-02-16', 1, 45, 2),
(321, '2014-04-02', 5, 45, 2),
(322, '2014-01-30', 1, 45, 2),
(323, '2014-05-22', 3, 45, 2),
(324, '2014-03-24', 3, 45, 2),
(325, '2014-04-02', 5, 45, 2),
(326, '2014-06-12', 2, 45, 2),
(327, '2014-05-20', 6, 45, 2),
(328, '2014-05-28', 6, 45, 2),
(329, '2014-06-05', 3, 45, 2),
(330, '2014-07-10', 2, 45, 2),
(331, '2014-04-30', 6, 45, 2),
(332, '2014-06-04', 6, 45, 2),
(333, '2014-05-20', 5, 45, 2),
(334, '2014-08-07', 4, 45, 2),
(335, '2014-07-23', 6, 45, 2),
(336, '2014-08-21', 4, 45, 2),
(337, '2014-07-19', 5, 45, 2),
(338, '2014-07-09', 3, 45, 2),
(339, '2014-09-11', 6, 45, 2),
(340, '2014-08-15', 4, 45, 2),
(341, '2014-09-25', 6, 45, 2),
(342, '2014-10-02', 6, 45, 2),
(343, '2014-09-25', 6, 45, 2),
(344, '2014-10-03', 2, 45, 2),
(345, '2014-09-29', 2, 45, 2),
(346, '2014-10-30', 1, 45, 2),
(347, '2014-10-07', 2, 45, 2),
(348, '2014-11-13', 4, 45, 2),
(349, '2014-10-27', 1, 45, 2),
(350, '2014-11-13', 4, 45, 2),
(351, '2014-11-28', 1, 45, 2),
(352, '2014-12-06', 1, 45, 2),
(353, '2014-12-06', 1, 45, 2),
(354, '2014-12-25', 4, 45, 2),
(355, '2014-12-30', 2, 45, 2),
(356, '2015-01-08', 1, 45, 2),
(357, '2015-01-17', 6, 45, 2),
(358, '2015-01-27', 2, 45, 2),
(359, '2015-01-31', 3, 45, 2),
(360, '2015-02-07', 6, 45, 2),
(361, '2015-02-22', 3, 45, 2),
(362, '2015-02-21', 2, 45, 2),
(363, '2015-03-06', 1, 45, 2),
(364, '2015-03-07', 6, 45, 2),
(365, '2013-12-21', 3, 49, 1),
(366, '2014-03-17', 2, 49, 2),
(367, '2014-05-01', 1, 49, 2),
(368, '2014-05-08', 1, 49, 1),
(369, '2014-01-30', 2, 49, 1),
(370, '2014-02-09', 3, 49, 2),
(371, '2014-04-26', 2, 49, 3),
(372, '2014-03-01', 1, 49, 3),
(373, '2014-03-11', 6, 49, 3),
(374, '2014-06-19', 4, 49, 1),
(375, '2014-05-28', 1, 49, 3),
(376, '2014-07-03', 6, 49, 2),
(377, '2014-05-17', 6, 49, 2),
(378, '2014-06-21', 1, 49, 1),
(379, '2014-05-10', 6, 49, 3),
(380, '2014-05-20', 1, 49, 3),
(381, '2014-06-22', 6, 49, 2),
(382, '2014-08-14', 1, 49, 3),
(383, '2014-08-21', 2, 49, 1),
(384, '2014-08-28', 4, 49, 1),
(385, '2014-07-09', 2, 49, 2),
(386, '2014-08-24', 5, 49, 1),
(387, '2014-08-15', 5, 49, 2),
(388, '2014-08-08', 1, 49, 2),
(389, '2014-08-18', 5, 49, 1),
(390, '2014-08-28', 6, 49, 1),
(391, '2014-10-16', 6, 49, 3),
(392, '2014-09-17', 3, 49, 2),
(393, '2014-10-19', 1, 49, 1),
(394, '2014-10-07', 2, 49, 3),
(395, '2014-11-13', 4, 49, 2),
(396, '2014-11-12', 4, 49, 3),
(397, '2014-11-13', 4, 49, 1),
(398, '2014-11-22', 3, 49, 2),
(399, '2014-12-06', 4, 49, 3),
(400, '2014-12-18', 2, 49, 1),
(401, '2014-12-19', 2, 49, 1),
(402, '2015-01-01', 1, 49, 2),
(403, '2015-01-07', 6, 49, 3),
(404, '2015-01-17', 5, 49, 1),
(405, '2015-01-26', 3, 49, 2),
(406, '2015-02-06', 4, 49, 1),
(407, '2015-02-13', 2, 49, 1),
(408, '2015-02-18', 3, 49, 1),
(409, '2015-02-26', 4, 49, 2),
(410, '2015-03-06', 5, 49, 3),
(411, '2015-03-07', 6, 49, 3),
(412, '2015-03-14', 6, 49, 2),
(413, '2014-03-09', 5, 50, 2),
(414, '2014-02-07', 1, 50, 2),
(415, '2014-02-16', 3, 50, 2),
(416, '2014-01-20', 6, 50, 2),
(417, '2014-01-30', 2, 50, 2),
(418, '2014-03-15', 6, 50, 2),
(419, '2014-02-19', 6, 50, 2),
(420, '2014-04-02', 1, 50, 2),
(421, '2014-05-12', 6, 50, 2),
(422, '2014-04-20', 6, 50, 2),
(423, '2014-05-28', 4, 50, 2),
(424, '2014-04-10', 1, 50, 2),
(425, '2014-04-20', 4, 50, 2),
(426, '2014-04-30', 5, 50, 2),
(427, '2014-05-10', 5, 50, 2),
(428, '2014-06-13', 1, 50, 2),
(429, '2014-08-07', 3, 50, 2),
(430, '2014-06-09', 1, 50, 2),
(431, '2014-06-19', 5, 50, 2),
(432, '2014-06-29', 2, 50, 2),
(433, '2014-08-16', 6, 50, 2),
(434, '2014-08-24', 2, 50, 2),
(435, '2014-08-15', 6, 50, 2),
(436, '2014-08-24', 4, 50, 2),
(437, '2014-10-02', 1, 50, 2),
(438, '2014-09-25', 5, 50, 2),
(439, '2014-10-03', 5, 50, 2),
(440, '2014-09-29', 3, 50, 2),
(441, '2014-10-19', 5, 50, 2),
(442, '2014-10-17', 6, 50, 2),
(443, '2014-10-26', 6, 50, 2),
(444, '2014-11-20', 3, 50, 2),
(445, '2014-11-27', 3, 50, 2),
(446, '2014-11-28', 1, 50, 2),
(447, '2014-12-06', 4, 50, 2),
(448, '2014-12-14', 4, 50, 2),
(449, '2014-12-22', 4, 50, 2),
(450, '2014-12-30', 4, 50, 2),
(451, '2015-01-07', 5, 50, 2),
(452, '2015-01-17', 4, 50, 2),
(453, '2015-01-24', 6, 50, 2),
(454, '2015-02-06', 4, 50, 2),
(455, '2014-06-05', 3, 52, 2),
(456, '2014-06-12', 5, 52, 2),
(457, '2014-06-19', 6, 52, 2),
(458, '2014-03-31', 1, 52, 2),
(459, '2014-07-03', 3, 52, 2),
(460, '2014-07-10', 3, 52, 2),
(461, '2014-05-26', 4, 52, 2),
(462, '2014-07-24', 3, 52, 2),
(463, '2014-07-07', 6, 52, 2),
(464, '2014-06-22', 4, 52, 2),
(465, '2014-07-23', 3, 52, 2),
(466, '2014-08-21', 2, 52, 2),
(467, '2014-07-19', 3, 52, 2),
(468, '2014-07-28', 4, 52, 2),
(469, '2014-09-11', 1, 52, 2),
(470, '2014-09-01', 6, 52, 2),
(471, '2014-08-24', 5, 52, 2),
(472, '2014-09-17', 3, 52, 2),
(473, '2014-08-28', 1, 52, 2),
(474, '2014-09-07', 5, 52, 2),
(475, '2014-10-11', 4, 52, 2),
(476, '2014-10-08', 4, 52, 2),
(477, '2014-10-27', 6, 52, 2),
(478, '2014-10-26', 4, 52, 2),
(479, '2014-11-20', 1, 52, 2),
(480, '2014-11-06', 6, 52, 2),
(481, '2014-11-28', 6, 52, 2),
(482, '2014-11-26', 6, 52, 2),
(483, '2014-12-06', 6, 52, 2),
(484, '2014-12-25', 2, 52, 2),
(485, '2014-12-28', 5, 52, 2),
(486, '2015-01-05', 3, 52, 2),
(487, '2015-01-17', 3, 52, 2),
(488, '2015-01-24', 6, 52, 2),
(489, '2015-02-06', 2, 52, 2),
(490, '2014-03-01', 4, 55, 3),
(491, '2014-04-11', 3, 55, 3),
(492, '2014-04-20', 6, 55, 3),
(493, '2014-04-29', 2, 55, 3),
(494, '2014-04-10', 1, 55, 3),
(495, '2014-07-10', 2, 55, 3),
(496, '2014-04-30', 5, 55, 1),
(497, '2014-06-04', 3, 55, 3),
(498, '2014-07-31', 4, 55, 1),
(499, '2014-06-22', 4, 55, 3),
(500, '2014-07-23', 5, 55, 1),
(501, '2014-06-19', 5, 55, 1),
(502, '2014-06-29', 2, 55, 3),
(503, '2014-09-04', 3, 55, 3),
(504, '2014-07-19', 1, 55, 3),
(505, '2014-09-01', 2, 55, 3),
(506, '2014-09-09', 1, 55, 3),
(507, '2014-08-18', 3, 55, 1),
(508, '2014-08-28', 1, 55, 1),
(509, '2014-10-16', 4, 55, 3),
(510, '2014-09-29', 1, 55, 1),
(511, '2014-09-27', 2, 55, 3),
(512, '2014-10-17', 1, 55, 1),
(513, '2014-10-26', 2, 55, 1),
(514, '2014-11-04', 5, 55, 1),
(515, '2014-11-06', 6, 55, 1),
(516, '2014-11-16', 5, 55, 1),
(517, '2014-12-11', 2, 55, 1),
(518, '2014-12-06', 4, 55, 1),
(519, '2014-12-19', 1, 55, 3),
(520, '2015-01-01', 6, 55, 3),
(521, '2015-01-08', 4, 55, 1),
(522, '2015-01-17', 6, 55, 1),
(523, '2015-01-26', 2, 55, 3),
(524, '2015-02-06', 5, 55, 3),
(525, '2015-02-07', 5, 55, 1),
(526, '2014-03-17', 4, 58, 2),
(527, '2014-01-10', 1, 58, 2),
(528, '2014-05-08', 6, 58, 2),
(529, '2014-03-06', 3, 58, 2),
(530, '2014-04-18', 4, 58, 2),
(531, '2014-02-19', 5, 58, 2),
(532, '2014-05-04', 3, 58, 2),
(533, '2014-06-12', 4, 58, 2),
(534, '2014-04-20', 1, 58, 2),
(535, '2014-04-29', 4, 58, 2),
(536, '2014-06-05', 3, 58, 2),
(537, '2014-05-17', 5, 58, 2),
(538, '2014-05-26', 2, 58, 2),
(539, '2014-06-29', 1, 58, 2),
(540, '2014-07-31', 6, 58, 2),
(541, '2014-06-22', 3, 58, 2),
(542, '2014-07-01', 2, 58, 2),
(543, '2014-08-21', 3, 58, 2),
(544, '2014-07-19', 3, 58, 2),
(545, '2014-08-16', 2, 58, 2),
(546, '2014-09-11', 4, 58, 2),
(547, '2014-09-18', 1, 58, 2),
(548, '2014-08-24', 5, 58, 2),
(549, '2014-10-02', 3, 58, 2),
(550, '2014-09-25', 1, 58, 2),
(551, '2014-10-03', 6, 58, 2),
(552, '2014-09-17', 1, 58, 2),
(553, '2014-09-27', 1, 58, 2),
(554, '2014-10-17', 3, 58, 2),
(555, '2014-10-17', 1, 58, 2),
(556, '2014-10-27', 1, 58, 2),
(557, '2014-11-13', 2, 58, 2),
(558, '2014-11-28', 1, 58, 2),
(559, '2014-12-06', 6, 58, 2),
(560, '2014-12-06', 2, 58, 2),
(561, '2014-12-16', 5, 58, 2),
(562, '2014-12-30', 3, 58, 2),
(563, '2015-01-07', 4, 58, 2),
(564, '2015-01-17', 3, 58, 2),
(565, '2015-01-25', 5, 58, 2),
(566, '2015-02-04', 5, 58, 2),
(567, '2015-02-10', 3, 58, 2),
(568, '2015-02-22', 5, 58, 2),
(569, '2014-03-06', 5, 63, 3),
(570, '2014-04-18', 4, 63, 3),
(571, '2014-03-24', 3, 63, 3),
(572, '2014-05-04', 2, 63, 1),
(573, '2014-05-12', 5, 63, 3),
(574, '2014-04-20', 3, 63, 3),
(575, '2014-05-28', 6, 63, 1),
(576, '2014-06-05', 1, 63, 1),
(577, '2014-04-20', 3, 63, 3),
(578, '2014-06-21', 1, 63, 1),
(579, '2014-06-29', 6, 63, 3),
(580, '2014-06-13', 5, 63, 1),
(581, '2014-08-07', 1, 63, 1),
(582, '2014-07-01', 4, 63, 3),
(583, '2014-06-19', 2, 63, 3),
(584, '2014-07-19', 4, 63, 3),
(585, '2014-07-09', 6, 63, 3),
(586, '2014-08-24', 4, 63, 3),
(587, '2014-09-18', 2, 63, 3),
(588, '2014-09-09', 5, 63, 1),
(589, '2014-08-18', 2, 63, 1),
(590, '2014-09-11', 1, 63, 1),
(591, '2014-09-20', 5, 63, 3),
(592, '2014-09-17', 4, 63, 1),
(593, '2014-10-08', 6, 63, 1),
(594, '2014-10-17', 4, 63, 3),
(595, '2014-10-17', 2, 63, 3),
(596, '2014-10-27', 3, 63, 1),
(597, '2014-11-20', 6, 63, 1),
(598, '2014-11-22', 3, 63, 3),
(599, '2014-12-06', 4, 63, 1),
(600, '2014-12-06', 4, 63, 1),
(601, '2014-12-22', 1, 63, 1),
(602, '2015-01-01', 6, 63, 3),
(603, '2015-01-08', 6, 63, 1),
(604, '2015-01-17', 5, 63, 3),
(605, '2015-01-26', 4, 63, 3),
(606, '2015-02-02', 3, 63, 1),
(607, '2015-02-07', 6, 63, 1),
(608, '2015-02-18', 1, 63, 1),
(609, '2014-03-09', 3, 64, 2),
(610, '2013-12-31', 6, 64, 2),
(611, '2014-03-25', 1, 64, 2),
(612, '2014-04-02', 5, 64, 2),
(613, '2014-04-10', 6, 64, 2),
(614, '2014-04-18', 6, 64, 2),
(615, '2014-04-26', 4, 64, 2),
(616, '2014-03-01', 6, 64, 2),
(617, '2014-06-12', 6, 64, 2),
(618, '2014-05-20', 3, 64, 2),
(619, '2014-03-31', 1, 64, 2),
(620, '2014-04-10', 4, 64, 2),
(621, '2014-06-13', 3, 64, 2),
(622, '2014-05-26', 2, 64, 2),
(623, '2014-06-04', 1, 64, 2),
(624, '2014-06-13', 1, 64, 2),
(625, '2014-07-15', 3, 64, 2),
(626, '2014-07-23', 5, 64, 2),
(627, '2014-06-19', 3, 64, 2),
(628, '2014-06-29', 5, 64, 2),
(629, '2014-08-16', 1, 64, 2),
(630, '2014-07-19', 4, 64, 2),
(631, '2014-07-29', 3, 64, 2),
(632, '2014-09-25', 6, 64, 2),
(633, '2014-09-17', 5, 64, 2),
(634, '2014-09-11', 3, 64, 2),
(635, '2014-09-20', 3, 64, 2),
(636, '2014-09-17', 1, 64, 2),
(637, '2014-09-27', 3, 64, 2),
(638, '2014-10-27', 1, 64, 2),
(639, '2014-11-13', 4, 64, 2),
(640, '2014-11-12', 2, 64, 2),
(641, '2014-11-06', 5, 64, 2),
(642, '2014-11-28', 5, 64, 2),
(643, '2014-12-11', 2, 64, 2),
(644, '2014-12-06', 6, 64, 2),
(645, '2014-12-22', 2, 64, 2),
(646, '2014-12-26', 2, 64, 2),
(647, '2015-01-08', 4, 64, 2),
(648, '2015-01-17', 2, 64, 2),
(649, '2015-01-26', 3, 64, 2),
(650, '2015-01-31', 2, 64, 2),
(651, '2015-02-16', 3, 64, 2),
(652, '2015-02-26', 4, 64, 2),
(653, '2015-02-21', 5, 64, 2),
(654, '2014-01-10', 3, 65, 5),
(655, '2014-04-02', 3, 65, 5),
(656, '2014-01-30', 1, 65, 5),
(657, '2014-04-18', 2, 65, 5),
(658, '2014-03-24', 1, 65, 5),
(659, '2014-04-02', 2, 65, 5),
(660, '2014-06-12', 1, 65, 5),
(661, '2014-06-19', 2, 65, 5),
(662, '2014-06-26', 3, 65, 5),
(663, '2014-06-05', 3, 65, 5),
(664, '2014-07-10', 4, 65, 5),
(665, '2014-04-30', 2, 65, 5),
(666, '2014-07-24', 5, 65, 5),
(667, '2014-06-13', 4, 65, 5),
(668, '2014-05-30', 6, 65, 5),
(669, '2014-07-01', 5, 65, 5),
(670, '2014-07-31', 6, 65, 5),
(671, '2014-06-29', 3, 65, 5),
(672, '2014-07-09', 4, 65, 5),
(673, '2014-07-19', 3, 65, 5),
(674, '2014-08-15', 3, 65, 5),
(675, '2014-08-08', 1, 65, 5),
(676, '2014-09-17', 5, 65, 5),
(677, '2014-09-25', 4, 65, 5),
(678, '2014-10-16', 4, 65, 5),
(679, '2014-09-29', 3, 65, 5),
(680, '2014-10-19', 3, 65, 5),
(681, '2014-10-27', 6, 65, 5),
(682, '2014-10-26', 2, 65, 5),
(683, '2014-10-27', 1, 65, 5),
(684, '2014-11-06', 3, 65, 5),
(685, '2014-12-04', 1, 65, 5),
(686, '2014-12-01', 1, 65, 5),
(687, '2014-12-18', 2, 65, 5),
(688, '2014-12-25', 1, 65, 5),
(689, '2014-12-30', 5, 65, 5),
(690, '2015-01-07', 1, 65, 5),
(691, '2015-01-17', 1, 65, 5),
(692, '2015-01-25', 3, 65, 5),
(693, '2015-01-31', 6, 65, 5),
(694, '2015-02-13', 5, 65, 5),
(695, '2015-02-18', 1, 65, 5),
(696, '2015-02-21', 3, 65, 5),
(697, '2015-03-18', 3, 65, 5),
(698, '2015-03-14', 2, 65, 5),
(699, '2015-03-14', 6, 65, 5),
(700, '2014-02-16', 5, 71, 3),
(701, '2014-01-20', 4, 71, 3),
(702, '2014-04-10', 1, 71, 3),
(703, '2014-04-18', 2, 71, 2),
(704, '2014-04-26', 6, 71, 1),
(705, '2014-03-01', 4, 71, 3),
(706, '2014-03-11', 4, 71, 1),
(707, '2014-04-20', 5, 71, 1),
(708, '2014-05-28', 2, 71, 1),
(709, '2014-04-10', 4, 71, 2),
(710, '2014-04-20', 1, 71, 2),
(711, '2014-05-26', 6, 71, 1),
(712, '2014-06-04', 4, 71, 3),
(713, '2014-06-13', 3, 71, 1),
(714, '2014-08-07', 6, 71, 3),
(715, '2014-06-09', 5, 71, 2),
(716, '2014-07-10', 5, 71, 1),
(717, '2014-08-28', 3, 71, 1),
(718, '2014-07-28', 1, 71, 1),
(719, '2014-08-06', 3, 71, 1),
(720, '2014-09-01', 3, 71, 2),
(721, '2014-09-25', 2, 71, 1),
(722, '2014-10-02', 5, 71, 1),
(723, '2014-08-28', 2, 71, 3),
(724, '2014-10-16', 3, 71, 1),
(725, '2014-10-23', 3, 71, 3),
(726, '2014-10-19', 4, 71, 2),
(727, '2014-10-07', 1, 71, 3),
(728, '2014-11-04', 6, 71, 2),
(729, '2014-11-20', 2, 71, 3),
(730, '2014-11-27', 6, 71, 1),
(731, '2014-11-22', 1, 71, 3),
(732, '2014-12-01', 1, 71, 2),
(733, '2014-12-10', 5, 71, 1),
(734, '2014-12-22', 5, 71, 2),
(735, '2014-12-30', 6, 71, 3),
(736, '2015-01-08', 2, 71, 2),
(737, '2015-01-17', 6, 71, 3),
(738, '2015-01-26', 3, 71, 2),
(739, '2015-02-04', 3, 71, 2),
(740, '2015-02-16', 3, 71, 1),
(741, '2015-02-26', 2, 71, 3),
(742, '2014-04-26', 2, 76, 1),
(743, '2014-06-05', 6, 76, 3),
(744, '2014-06-12', 6, 76, 1),
(745, '2014-04-20', 4, 76, 1),
(746, '2014-04-29', 3, 76, 3),
(747, '2014-07-03', 3, 76, 1),
(748, '2014-07-10', 6, 76, 3),
(749, '2014-07-17', 6, 76, 1),
(750, '2014-06-29', 3, 76, 3),
(751, '2014-05-20', 5, 76, 1),
(752, '2014-08-07', 6, 76, 1),
(753, '2014-07-01', 2, 76, 1),
(754, '2014-08-21', 5, 76, 1),
(755, '2014-06-29', 5, 76, 3),
(756, '2014-07-09', 1, 76, 3),
(757, '2014-08-06', 6, 76, 3),
(758, '2014-08-15', 4, 76, 3),
(759, '2014-08-08', 3, 76, 3),
(760, '2014-09-02', 2, 76, 1),
(761, '2014-10-09', 4, 76, 3),
(762, '2014-10-16', 2, 76, 1),
(763, '2014-10-23', 4, 76, 3),
(764, '2014-09-27', 1, 76, 1),
(765, '2014-10-27', 1, 76, 3),
(766, '2014-10-26', 3, 76, 1),
(767, '2014-10-27', 3, 76, 3),
(768, '2014-11-13', 5, 76, 1),
(769, '2014-11-22', 2, 76, 1),
(770, '2014-12-06', 2, 76, 1),
(771, '2014-12-14', 5, 76, 3),
(772, '2014-12-19', 6, 76, 1),
(773, '2014-12-26', 5, 76, 3),
(774, '2015-01-07', 5, 76, 3),
(775, '2015-01-17', 5, 76, 3),
(776, '2015-01-24', 3, 76, 1),
(777, '2015-01-31', 1, 76, 3),
(778, '2015-02-16', 6, 76, 3),
(779, '2015-02-18', 5, 76, 1),
(780, '2015-02-26', 6, 76, 1),
(781, '2015-03-18', 2, 76, 1),
(782, '2015-03-14', 3, 76, 1),
(783, '2015-04-07', 1, 76, 3),
(784, '2014-03-06', 5, 78, 1),
(785, '2014-03-15', 1, 78, 3),
(786, '2014-02-19', 2, 78, 3),
(787, '2014-06-05', 1, 78, 2),
(788, '2014-04-11', 1, 78, 3),
(789, '2014-03-21', 3, 78, 2),
(790, '2014-04-29', 3, 78, 2),
(791, '2014-06-05', 5, 78, 1),
(792, '2014-05-17', 2, 78, 2),
(793, '2014-05-26', 2, 78, 1),
(794, '2014-06-04', 2, 78, 2),
(795, '2014-07-31', 1, 78, 1),
(796, '2014-06-22', 5, 78, 3),
(797, '2014-07-23', 3, 78, 3),
(798, '2014-07-31', 5, 78, 1),
(799, '2014-06-29', 5, 78, 2),
(800, '2014-08-16', 6, 78, 3),
(801, '2014-09-11', 2, 78, 1),
(802, '2014-07-29', 2, 78, 3),
(803, '2014-08-08', 6, 78, 3),
(804, '2014-09-17', 3, 78, 3),
(805, '2014-09-25', 4, 78, 3),
(806, '2014-09-07', 4, 78, 3),
(807, '2014-09-29', 3, 78, 2),
(808, '2014-09-27', 2, 78, 1),
(809, '2014-10-07', 6, 78, 1),
(810, '2014-11-13', 6, 78, 2),
(811, '2014-10-27', 2, 78, 2),
(812, '2014-11-13', 3, 78, 3),
(813, '2014-11-28', 2, 78, 3),
(814, '2014-12-06', 5, 78, 3),
(815, '2014-12-06', 1, 78, 1),
(816, '2014-12-16', 6, 78, 1),
(817, '2014-12-28', 6, 78, 1),
(818, '2015-01-07', 4, 78, 2),
(819, '2015-01-17', 1, 78, 1),
(820, '2015-01-24', 2, 78, 3),
(821, '2015-02-06', 1, 78, 1),
(822, '2014-01-10', 5, 95, 2),
(823, '2014-04-02', 1, 95, 2),
(824, '2014-01-30', 3, 95, 2),
(825, '2014-04-18', 2, 95, 2),
(826, '2014-05-29', 4, 95, 2),
(827, '2014-06-05', 2, 95, 2),
(828, '2014-03-11', 3, 95, 2),
(829, '2014-04-20', 6, 95, 2),
(830, '2014-04-29', 2, 95, 2),
(831, '2014-04-10', 1, 95, 2),
(832, '2014-05-17', 5, 95, 2),
(833, '2014-07-17', 6, 95, 2),
(834, '2014-05-10', 4, 95, 2),
(835, '2014-07-31', 4, 95, 2),
(836, '2014-07-15', 1, 95, 2),
(837, '2014-08-14', 3, 95, 2),
(838, '2014-06-19', 3, 95, 2),
(839, '2014-08-28', 6, 95, 2),
(840, '2014-07-28', 1, 95, 2),
(841, '2014-07-19', 5, 95, 2),
(842, '2014-08-15', 6, 95, 2),
(843, '2014-08-08', 5, 95, 2),
(844, '2014-10-02', 1, 95, 2),
(845, '2014-09-11', 1, 95, 2),
(846, '2014-10-16', 4, 95, 2),
(847, '2014-09-29', 2, 95, 2),
(848, '2014-10-08', 3, 95, 2),
(849, '2014-10-07', 1, 95, 2),
(850, '2014-11-13', 3, 95, 2),
(851, '2014-11-20', 4, 95, 2),
(852, '2014-11-20', 1, 95, 2),
(853, '2014-11-28', 4, 95, 2),
(854, '2014-12-11', 4, 95, 2),
(855, '2014-12-18', 1, 95, 2),
(856, '2014-12-19', 1, 95, 2),
(857, '2015-01-01', 1, 95, 2),
(858, '2015-01-05', 1, 95, 2),
(859, '2015-01-17', 3, 95, 2),
(860, '2015-01-26', 6, 95, 2),
(861, '2015-02-04', 3, 95, 2),
(862, '2015-02-16', 3, 95, 2),
(863, '2014-03-21', 6, 97, 1),
(864, '2014-05-28', 5, 97, 1),
(865, '2014-06-05', 3, 97, 3),
(866, '2014-06-13', 6, 97, 3),
(867, '2014-07-17', 3, 97, 3),
(868, '2014-06-29', 4, 97, 1),
(869, '2014-07-31', 1, 97, 1),
(870, '2014-07-15', 1, 97, 3),
(871, '2014-07-23', 6, 97, 3),
(872, '2014-07-10', 1, 97, 3),
(873, '2014-06-29', 5, 97, 1),
(874, '2014-09-04', 1, 97, 1),
(875, '2014-08-06', 4, 97, 1),
(876, '2014-07-29', 4, 97, 3),
(877, '2014-09-25', 2, 97, 3),
(878, '2014-10-02', 4, 97, 1),
(879, '2014-08-28', 3, 97, 3),
(880, '2014-09-20', 1, 97, 3),
(881, '2014-09-29', 3, 97, 3),
(882, '2014-10-19', 6, 97, 3),
(883, '2014-10-27', 6, 97, 1),
(884, '2014-10-17', 3, 97, 1),
(885, '2014-11-12', 6, 97, 1),
(886, '2014-11-20', 5, 97, 3),
(887, '2014-12-04', 3, 97, 1),
(888, '2014-12-06', 2, 97, 3),
(889, '2014-12-06', 2, 97, 1),
(890, '2014-12-16', 4, 97, 3),
(891, '2014-12-26', 2, 97, 3),
(892, '2015-01-07', 3, 97, 3),
(893, '2015-01-17', 4, 97, 1),
(894, '2015-01-26', 5, 97, 3),
(895, '2015-02-02', 6, 97, 3),
(896, '2015-02-16', 4, 97, 3),
(897, '2015-02-22', 4, 97, 3),
(898, '2015-03-03', 5, 97, 3),
(899, '2014-04-20', 5, 99, 1),
(900, '2014-05-28', 2, 99, 3),
(901, '2014-04-10', 1, 99, 1),
(902, '2014-07-10', 4, 99, 3),
(903, '2014-04-30', 3, 99, 1),
(904, '2014-05-10', 6, 99, 3),
(905, '2014-05-20', 6, 99, 3),
(906, '2014-05-30', 3, 99, 3),
(907, '2014-08-14', 6, 99, 1),
(908, '2014-08-21', 4, 99, 1),
(909, '2014-07-19', 1, 99, 3),
(910, '2014-08-16', 5, 99, 3),
(911, '2014-07-19', 1, 99, 3),
(912, '2014-07-29', 4, 99, 3),
(913, '2014-09-09', 6, 99, 1),
(914, '2014-10-02', 6, 99, 1),
(915, '2014-09-25', 6, 99, 3),
(916, '2014-09-07', 3, 99, 1),
(917, '2014-10-23', 4, 99, 1),
(918, '2014-10-08', 2, 99, 1),
(919, '2014-10-17', 5, 99, 3),
(920, '2014-11-04', 2, 99, 1),
(921, '2014-11-20', 2, 99, 3),
(922, '2014-11-13', 6, 99, 3),
(923, '2014-12-04', 6, 99, 1),
(924, '2014-12-11', 4, 99, 3),
(925, '2014-12-10', 6, 99, 3),
(926, '2014-12-16', 4, 99, 3),
(927, '2014-12-30', 5, 99, 3),
(928, '2015-01-07', 3, 99, 1),
(929, '2015-01-17', 6, 99, 1),
(930, '2015-01-25', 6, 99, 1),
(931, '2015-01-31', 4, 99, 3),
(932, '2015-02-07', 4, 99, 1),
(933, '2015-02-26', 1, 99, 1),
(934, '2015-03-08', 3, 99, 3),
(935, '2014-01-10', 2, 101, 2),
(936, '2014-02-25', 1, 101, 2),
(937, '2014-05-15', 3, 101, 2),
(938, '2014-03-15', 6, 101, 2),
(939, '2014-02-19', 4, 101, 2),
(940, '2014-03-01', 3, 101, 2),
(941, '2014-03-11', 3, 101, 2),
(942, '2014-06-19', 5, 101, 2),
(943, '2014-04-29', 5, 101, 2),
(944, '2014-07-03', 1, 101, 2),
(945, '2014-05-17', 2, 101, 2),
(946, '2014-04-30', 3, 101, 2),
(947, '2014-05-10', 6, 101, 2),
(948, '2014-07-31', 1, 101, 2),
(949, '2014-08-07', 3, 101, 2),
(950, '2014-06-09', 6, 101, 2),
(951, '2014-08-21', 6, 101, 2),
(952, '2014-08-08', 1, 101, 2),
(953, '2014-07-09', 5, 101, 2),
(954, '2014-07-19', 1, 101, 2),
(955, '2014-08-15', 6, 101, 2),
(956, '2014-09-25', 1, 101, 2),
(957, '2014-09-02', 2, 101, 2),
(958, '2014-09-25', 1, 101, 2),
(959, '2014-09-20', 5, 101, 2),
(960, '2014-09-29', 6, 101, 2),
(961, '2014-10-08', 5, 101, 2),
(962, '2014-11-06', 6, 101, 2),
(963, '2014-11-04', 1, 101, 2),
(964, '2014-11-12', 6, 101, 2),
(965, '2014-11-27', 6, 101, 2),
(966, '2014-11-28', 4, 101, 2),
(967, '2014-11-26', 6, 101, 2),
(968, '2014-12-18', 2, 101, 2),
(969, '2014-12-22', 6, 101, 2),
(970, '2014-12-30', 5, 101, 2),
(971, '2015-01-08', 2, 101, 2),
(972, '2015-01-17', 3, 101, 2),
(973, '2015-01-26', 6, 101, 2),
(974, '2015-02-06', 1, 101, 2),
(975, '2015-02-07', 2, 101, 2),
(976, '2014-02-19', 5, 107, 2),
(977, '2014-05-04', 6, 107, 2),
(978, '2014-04-11', 2, 107, 2),
(979, '2014-04-20', 5, 107, 2),
(980, '2014-04-29', 4, 107, 2),
(981, '2014-06-05', 3, 107, 2),
(982, '2014-06-13', 4, 107, 2),
(983, '2014-06-21', 5, 107, 2),
(984, '2014-06-04', 5, 107, 2),
(985, '2014-07-31', 6, 107, 2),
(986, '2014-05-30', 2, 107, 2),
(987, '2014-06-09', 5, 107, 2),
(988, '2014-06-19', 1, 107, 2),
(989, '2014-07-19', 5, 107, 2),
(990, '2014-07-28', 6, 107, 2),
(991, '2014-08-06', 1, 107, 2),
(992, '2014-09-18', 6, 107, 2),
(993, '2014-08-08', 4, 107, 2),
(994, '2014-10-02', 4, 107, 2),
(995, '2014-09-25', 4, 107, 2),
(996, '2014-09-07', 4, 107, 2),
(997, '2014-10-11', 5, 107, 2),
(998, '2014-10-30', 4, 107, 2),
(999, '2014-10-27', 3, 107, 2),
(1000, '2014-11-13', 5, 107, 2),
(1001, '2014-11-12', 5, 107, 2),
(1002, '2014-11-20', 1, 107, 2),
(1003, '2014-11-16', 1, 107, 2),
(1004, '2014-11-26', 6, 107, 2),
(1005, '2014-12-14', 5, 107, 2),
(1006, '2014-12-19', 4, 107, 2),
(1007, '2014-12-26', 6, 107, 2),
(1008, '2015-01-07', 2, 107, 2),
(1009, '2015-01-17', 4, 107, 2),
(1010, '2015-01-27', 4, 107, 2),
(1011, '2015-02-06', 6, 107, 2),
(1012, '2015-02-13', 5, 107, 2),
(1013, '2015-02-26', 3, 107, 2),
(1014, '2015-03-08', 3, 107, 2),
(1015, '2015-03-12', 6, 107, 2),
(1016, '2015-03-28', 5, 107, 2),
(1017, '2015-03-30', 6, 107, 2),
(1018, '2014-01-30', 4, 109, 3),
(1019, '2014-03-15', 4, 109, 3),
(1020, '2014-05-29', 2, 109, 1),
(1021, '2014-03-01', 1, 109, 3),
(1022, '2014-03-11', 1, 109, 1),
(1023, '2014-05-20', 5, 109, 3),
(1024, '2014-06-26', 1, 109, 3),
(1025, '2014-07-03', 4, 109, 1),
(1026, '2014-07-10', 4, 109, 3),
(1027, '2014-07-17', 1, 109, 3),
(1028, '2014-07-24', 4, 109, 1),
(1029, '2014-05-20', 6, 109, 1),
(1030, '2014-06-22', 3, 109, 3),
(1031, '2014-07-01', 4, 109, 1),
(1032, '2014-08-21', 5, 109, 3),
(1033, '2014-06-29', 6, 109, 3),
(1034, '2014-09-04', 3, 109, 1),
(1035, '2014-09-11', 1, 109, 3),
(1036, '2014-08-15', 5, 109, 3),
(1037, '2014-09-09', 3, 109, 3),
(1038, '2014-10-02', 2, 109, 1),
(1039, '2014-09-11', 5, 109, 1),
(1040, '2014-09-07', 6, 109, 1),
(1041, '2014-10-11', 4, 109, 1),
(1042, '2014-10-30', 5, 109, 1),
(1043, '2014-10-17', 1, 109, 3),
(1044, '2014-11-04', 3, 109, 3),
(1045, '2014-11-20', 6, 109, 3),
(1046, '2014-11-13', 1, 109, 3),
(1047, '2014-11-28', 2, 109, 1),
(1048, '2014-12-06', 2, 109, 1),
(1049, '2014-12-06', 3, 109, 1),
(1050, '2014-12-16', 3, 109, 1),
(1051, '2014-12-30', 6, 109, 1),
(1052, '2015-01-07', 6, 109, 3),
(1053, '2015-01-17', 3, 109, 1),
(1054, '2015-01-24', 5, 109, 1),
(1055, '2015-02-06', 1, 109, 1),
(1056, '2015-02-16', 2, 109, 3),
(1057, '2015-02-14', 5, 109, 3),
(1058, '2015-03-03', 5, 109, 1),
(1059, '2015-03-18', 3, 109, 1),
(1060, '2015-03-07', 2, 109, 1),
(1061, '2015-04-07', 4, 109, 3),
(1062, '2014-05-12', 5, 110, 3),
(1063, '2014-03-21', 5, 110, 3),
(1064, '2014-06-26', 2, 110, 1),
(1065, '2014-07-03', 2, 110, 1),
(1066, '2014-06-13', 1, 110, 3),
(1067, '2014-06-21', 1, 110, 1),
(1068, '2014-06-29', 3, 110, 1),
(1069, '2014-07-07', 2, 110, 1),
(1070, '2014-05-30', 3, 110, 3),
(1071, '2014-07-01', 1, 110, 1),
(1072, '2014-07-31', 2, 110, 1),
(1073, '2014-07-19', 4, 110, 3),
(1074, '2014-09-04', 3, 110, 3),
(1075, '2014-08-24', 4, 110, 3),
(1076, '2014-09-01', 4, 110, 1),
(1077, '2014-08-24', 1, 110, 1),
(1078, '2014-09-02', 5, 110, 3),
(1079, '2014-09-11', 1, 110, 1),
(1080, '2014-09-07', 1, 110, 1),
(1081, '2014-09-29', 6, 110, 1),
(1082, '2014-10-30', 3, 110, 1),
(1083, '2014-10-07', 5, 110, 3),
(1084, '2014-11-13', 4, 110, 1),
(1085, '2014-11-20', 2, 110, 3),
(1086, '2014-11-20', 1, 110, 3),
(1087, '2014-11-22', 6, 110, 3),
(1088, '2014-12-11', 2, 110, 1),
(1089, '2014-12-14', 1, 110, 1),
(1090, '2014-12-22', 4, 110, 1),
(1091, '2014-12-28', 6, 110, 3),
(1092, '2015-01-08', 4, 110, 1),
(1093, '2015-01-17', 1, 110, 3),
(1094, '2015-01-26', 6, 110, 1),
(1095, '2015-02-04', 4, 110, 3),
(1096, '2015-02-13', 3, 110, 1),
(1097, '2015-02-18', 1, 110, 3),
(1098, '2015-02-21', 1, 110, 3),
(1099, '2014-04-02', 6, 123, 1),
(1100, '2014-04-10', 1, 123, 1),
(1101, '2014-02-09', 3, 123, 3),
(1102, '2014-05-29', 5, 123, 1),
(1103, '2014-04-02', 4, 123, 1),
(1104, '2014-03-11', 5, 123, 1),
(1105, '2014-05-20', 6, 123, 3),
(1106, '2014-03-31', 5, 123, 3),
(1107, '2014-05-08', 2, 123, 3),
(1108, '2014-07-10', 4, 123, 3),
(1109, '2014-06-21', 1, 123, 1),
(1110, '2014-05-10', 1, 123, 3),
(1111, '2014-06-13', 6, 123, 3),
(1112, '2014-07-15', 5, 123, 1),
(1113, '2014-07-23', 4, 123, 3),
(1114, '2014-07-10', 1, 123, 1),
(1115, '2014-06-29', 4, 123, 1),
(1116, '2014-07-09', 3, 123, 3),
(1117, '2014-07-19', 4, 123, 1),
(1118, '2014-09-18', 5, 123, 3),
(1119, '2014-09-25', 5, 123, 3),
(1120, '2014-09-02', 6, 123, 3),
(1121, '2014-08-28', 5, 123, 3),
(1122, '2014-10-03', 2, 123, 3),
(1123, '2014-09-29', 6, 123, 1),
(1124, '2014-10-19', 3, 123, 1),
(1125, '2014-10-27', 1, 123, 1),
(1126, '2014-10-17', 2, 123, 3),
(1127, '2014-11-04', 4, 123, 3),
(1128, '2014-11-13', 1, 123, 1),
(1129, '2014-11-28', 3, 123, 1),
(1130, '2014-11-26', 2, 123, 1),
(1131, '2014-12-10', 4, 123, 3),
(1132, '2014-12-16', 5, 123, 1),
(1133, '2014-12-30', 4, 123, 1),
(1134, '2015-01-07', 2, 123, 1),
(1135, '2015-01-17', 2, 123, 1),
(1136, '2015-01-27', 5, 123, 3),
(1137, '2015-01-31', 4, 123, 3),
(1138, '2015-02-07', 2, 123, 3),
(1139, '2015-02-14', 4, 123, 1),
(1140, '2015-03-08', 6, 123, 3),
(1141, '2015-03-12', 5, 123, 3),
(1142, '2015-03-28', 5, 123, 1),
(1143, '2014-04-02', 3, 130, 4),
(1144, '2014-06-12', 4, 130, 4),
(1145, '2014-04-20', 3, 130, 4),
(1146, '2014-05-28', 5, 130, 4),
(1147, '2014-05-08', 3, 130, 4),
(1148, '2014-05-17', 4, 130, 4),
(1149, '2014-05-26', 3, 130, 4),
(1150, '2014-06-29', 3, 130, 4),
(1151, '2014-06-13', 6, 130, 4),
(1152, '2014-06-22', 6, 130, 4),
(1153, '2014-07-23', 6, 130, 4),
(1154, '2014-07-10', 2, 130, 4),
(1155, '2014-08-28', 4, 130, 4),
(1156, '2014-08-16', 1, 130, 4),
(1157, '2014-08-24', 5, 130, 4),
(1158, '2014-09-01', 6, 130, 4),
(1159, '2014-08-08', 4, 130, 4),
(1160, '2014-08-18', 1, 130, 4),
(1161, '2014-09-11', 1, 130, 4),
(1162, '2014-10-03', 4, 130, 4),
(1163, '2014-10-23', 6, 130, 4),
(1164, '2014-10-30', 1, 130, 4),
(1165, '2014-10-07', 1, 130, 4),
(1166, '2014-11-13', 4, 130, 4),
(1167, '2014-11-04', 2, 130, 4),
(1168, '2014-11-13', 1, 130, 4),
(1169, '2014-11-16', 1, 130, 4),
(1170, '2014-12-11', 5, 130, 4),
(1171, '2014-12-18', 4, 130, 4),
(1172, '2014-12-19', 6, 130, 4),
(1173, '2014-12-30', 5, 130, 4),
(1174, '2015-01-06', 2, 130, 4),
(1175, '2015-01-17', 5, 130, 4),
(1176, '2015-01-26', 6, 130, 4),
(1177, '2015-02-04', 1, 130, 4),
(1178, '2015-02-10', 5, 130, 4),
(1179, '2015-02-14', 1, 130, 4),
(1180, '2015-02-26', 4, 130, 4),
(1181, '2014-06-19', 3, 131, 1),
(1182, '2014-05-28', 6, 131, 2),
(1183, '2014-07-03', 6, 131, 3),
(1184, '2014-04-20', 6, 131, 3),
(1185, '2014-07-17', 2, 131, 1),
(1186, '2014-05-10', 5, 131, 3),
(1187, '2014-06-13', 1, 131, 3),
(1188, '2014-08-07', 1, 131, 2),
(1189, '2014-07-23', 1, 131, 1),
(1190, '2014-06-19', 2, 131, 3),
(1191, '2014-08-28', 4, 131, 3),
(1192, '2014-09-04', 6, 131, 1),
(1193, '2014-09-11', 3, 131, 1),
(1194, '2014-09-18', 5, 131, 2),
(1195, '2014-08-08', 2, 131, 3),
(1196, '2014-09-17', 5, 131, 1),
(1197, '2014-10-09', 2, 131, 3),
(1198, '2014-09-20', 1, 131, 2),
(1199, '2014-10-23', 1, 131, 1),
(1200, '2014-10-08', 1, 131, 3),
(1201, '2014-11-06', 2, 131, 3),
(1202, '2014-11-13', 4, 131, 2),
(1203, '2014-11-20', 6, 131, 1),
(1204, '2014-11-06', 5, 131, 2),
(1205, '2014-11-28', 3, 131, 1),
(1206, '2014-12-01', 2, 131, 3),
(1207, '2014-12-06', 6, 131, 2),
(1208, '2014-12-25', 6, 131, 3),
(1209, '2015-01-01', 4, 131, 2),
(1210, '2015-01-07', 6, 131, 3),
(1211, '2015-01-17', 2, 131, 2),
(1212, '2015-01-24', 4, 131, 3),
(1213, '2015-02-04', 5, 131, 1),
(1214, '2015-02-10', 6, 131, 3),
(1215, '2015-02-14', 3, 131, 2),
(1216, '2015-02-21', 5, 131, 1),
(1217, '2015-03-12', 5, 131, 2),
(1218, '2015-03-28', 1, 131, 1),
(1219, '2014-03-17', 5, 132, 1),
(1220, '2014-05-01', 6, 132, 3),
(1221, '2014-01-20', 3, 132, 1),
(1222, '2014-05-15', 1, 132, 3),
(1223, '2014-04-18', 4, 132, 3),
(1224, '2014-03-24', 1, 132, 1),
(1225, '2014-04-02', 4, 132, 1),
(1226, '2014-03-11', 4, 132, 3),
(1227, '2014-05-20', 5, 132, 1),
(1228, '2014-06-26', 1, 132, 1),
(1229, '2014-05-08', 1, 132, 1),
(1230, '2014-07-10', 3, 132, 1),
(1231, '2014-05-26', 5, 132, 1),
(1232, '2014-06-04', 6, 132, 1),
(1233, '2014-05-20', 2, 132, 1),
(1234, '2014-07-15', 3, 132, 3),
(1235, '2014-06-09', 2, 132, 3),
(1236, '2014-07-31', 3, 132, 3),
(1237, '2014-08-08', 3, 132, 1),
(1238, '2014-08-16', 5, 132, 1),
(1239, '2014-08-24', 5, 132, 1),
(1240, '2014-07-29', 3, 132, 3),
(1241, '2014-08-24', 1, 132, 1),
(1242, '2014-08-18', 6, 132, 1),
(1243, '2014-10-09', 6, 132, 3),
(1244, '2014-10-16', 6, 132, 1),
(1245, '2014-10-11', 6, 132, 1),
(1246, '2014-10-08', 3, 132, 3),
(1247, '2014-10-07', 3, 132, 3),
(1248, '2014-10-26', 5, 132, 3),
(1249, '2014-10-27', 2, 132, 3),
(1250, '2014-11-20', 2, 132, 1),
(1251, '2014-11-16', 1, 132, 3),
(1252, '2014-12-06', 6, 132, 1),
(1253, '2014-12-18', 1, 132, 1),
(1254, '2014-12-25', 3, 132, 3),
(1255, '2015-01-01', 2, 132, 1),
(1256, '2015-01-05', 1, 132, 3),
(1257, '2015-01-17', 3, 132, 3),
(1258, '2015-01-24', 1, 132, 1),
(1259, '2015-02-06', 2, 132, 1),
(1260, '2015-02-16', 5, 132, 1),
(1261, '2015-02-22', 4, 132, 3),
(1262, '2015-02-26', 6, 132, 3),
(1263, '2015-03-18', 1, 132, 1),
(1264, '2014-04-18', 4, 133, 2),
(1265, '2014-02-19', 1, 133, 2),
(1266, '2014-04-02', 3, 133, 2),
(1267, '2014-06-12', 2, 133, 2),
(1268, '2014-04-20', 5, 133, 2),
(1269, '2014-06-26', 4, 133, 2),
(1270, '2014-04-10', 1, 133, 2),
(1271, '2014-07-10', 4, 133, 2),
(1272, '2014-04-30', 6, 133, 2),
(1273, '2014-05-10', 4, 133, 2),
(1274, '2014-07-31', 4, 133, 2),
(1275, '2014-08-07', 2, 133, 2),
(1276, '2014-07-23', 1, 133, 2),
(1277, '2014-07-31', 5, 133, 2),
(1278, '2014-06-29', 4, 133, 2),
(1279, '2014-07-09', 1, 133, 2),
(1280, '2014-09-11', 6, 133, 2),
(1281, '2014-09-18', 2, 133, 2),
(1282, '2014-08-24', 1, 133, 2),
(1283, '2014-09-02', 2, 133, 2),
(1284, '2014-08-28', 4, 133, 2),
(1285, '2014-09-20', 6, 133, 2),
(1286, '2014-10-23', 3, 133, 2),
(1287, '2014-10-30', 4, 133, 2),
(1288, '2014-10-17', 4, 133, 2),
(1289, '2014-10-17', 2, 133, 2),
(1290, '2014-10-27', 6, 133, 2),
(1291, '2014-11-13', 6, 133, 2),
(1292, '2014-11-28', 1, 133, 2),
(1293, '2014-12-01', 4, 133, 2),
(1294, '2014-12-06', 5, 133, 2),
(1295, '2014-12-25', 3, 133, 2),
(1296, '2015-01-01', 2, 133, 2),
(1297, '2015-01-07', 4, 133, 2),
(1298, '2015-01-17', 2, 133, 2),
(1299, '2015-01-25', 4, 133, 2),
(1300, '2015-02-04', 6, 133, 2),
(1301, '2015-02-16', 3, 133, 2),
(1302, '2015-02-18', 5, 133, 2),
(1303, '2014-02-19', 2, 134, 2),
(1304, '2014-03-01', 3, 134, 2),
(1305, '2014-04-11', 4, 134, 2),
(1306, '2014-06-19', 1, 134, 2),
(1307, '2014-06-26', 2, 134, 2),
(1308, '2014-06-05', 2, 134, 2),
(1309, '2014-04-20', 3, 134, 2),
(1310, '2014-05-26', 6, 134, 2),
(1311, '2014-05-10', 2, 134, 2),
(1312, '2014-07-31', 4, 134, 2),
(1313, '2014-08-07', 3, 134, 2),
(1314, '2014-06-09', 5, 134, 2),
(1315, '2014-06-19', 5, 134, 2),
(1316, '2014-07-19', 4, 134, 2),
(1317, '2014-07-09', 3, 134, 2),
(1318, '2014-07-19', 5, 134, 2),
(1319, '2014-09-01', 1, 134, 2),
(1320, '2014-08-08', 5, 134, 2),
(1321, '2014-09-17', 1, 134, 2),
(1322, '2014-08-28', 6, 134, 2),
(1323, '2014-09-20', 4, 134, 2),
(1324, '2014-09-17', 1, 134, 2),
(1325, '2014-10-30', 1, 134, 2),
(1326, '2014-10-27', 2, 134, 2),
(1327, '2014-10-26', 3, 134, 2),
(1328, '2014-10-27', 6, 134, 2),
(1329, '2014-11-06', 1, 134, 2),
(1330, '2014-11-16', 5, 134, 2),
(1331, '2014-12-06', 2, 134, 2),
(1332, '2014-12-06', 3, 134, 2),
(1333, '2014-12-16', 6, 134, 2),
(1334, '2014-12-28', 6, 134, 2),
(1335, '2015-01-05', 6, 134, 2),
(1336, '2015-01-17', 4, 134, 2),
(1337, '2015-01-27', 5, 134, 2),
(1338, '2015-02-02', 2, 134, 2);

-- --------------------------------------------------------

--
-- Table structure for table `yeu_cau`
--

CREATE TABLE IF NOT EXISTS `yeu_cau` (
  `ID` int(11) NOT NULL AUTO_INCREMENT,
  `ID_LOAI_CONG_VIEC` int(11) DEFAULT NULL,
  `ID_NGOAI_NGU` int(11) DEFAULT NULL,
  PRIMARY KEY (`ID`)
) ENGINE=InnoDB  DEFAULT CHARSET=utf8 AUTO_INCREMENT=13 ;

--
-- Dumping data for table `yeu_cau`
--

INSERT INTO `yeu_cau` (`ID`, `ID_LOAI_CONG_VIEC`, `ID_NGOAI_NGU`) VALUES
(1, 1, 3),
(2, 1, 2),
(3, 2, 4),
(4, 2, 3),
(5, 3, 2),
(6, 3, 3),
(7, 4, 7),
(8, 4, 2),
(9, 4, 5),
(10, 5, 1),
(11, 5, 2),
(12, 5, 5);

/*!40101 SET CHARACTER_SET_CLIENT=@OLD_CHARACTER_SET_CLIENT */;
/*!40101 SET CHARACTER_SET_RESULTS=@OLD_CHARACTER_SET_RESULTS */;
/*!40101 SET COLLATION_CONNECTION=@OLD_COLLATION_CONNECTION */;
